Beadpack,,Sandstone,,Limestone,
X,Y,X,Y,X,Y
2.440818691983969,1.5777646109081616,0.49971100190446016,1109.2673973448682,-0.04978179478471301,2942.4613509338183
2.5253560453207653,-1.661093964336942,0.22984175856007294,1020.1987865256169,-2.052666781533419,2442.057701058389
2.5871333419899614,-0.041664676714390225,0.1322986585560768,1117.3645437829819,-0.7650978614806796,2412.9079738811797
2.6196477086579604,-0.041664676714390225,0.011995501884483062,1342.4652147625434,-0.895155328152673,2540.8428876033768
2.658664948659558,-3.280523251959494,0.14205296855647642,1426.6755377189265,-1.0772357814934646,2563.514897630095
2.6846764419939566,-1.661093964336942,-0.004261681449515997,1488.2138506485908,-0.7520921148134798,2924.647628769968
2.7106879353283553,-1.661093964336942,0.808597485250445,1863.9214453770683,-0.7618464248138803,2778.8989928839205
2.756208048663554,-1.661093964336942,0.5257224952388588,1969.1843490725469,-0.9634354981554698,2981.327653836764
2.7952252886651507,-1.661093964336942,0.09002998188767908,1867.1603039523138,-1.3275964048370534,2982.947083124387
2.8407454020003495,-1.661093964336942,-0.06278754145191368,1839.6300060627273,-2.956566174903777,2978.0887952615185
2.8732597686683485,-1.661093964336942,-0.287136671461103,1825.0551424741225,-1.7242716781866347,2979.708224549141
2.7269451186623543,-3.280523251959494,-0.6903148181442837,1846.1077232132184,-1.0122070481574683,2887.4007551546447
2.5578704119887625,-1.661093964336942,-0.6350403948086862,1640.4402036851293,-0.9471783148214716,2855.01216940219
2.4993445519863666,1.5777646109081616,-0.31639960146230184,1497.9304263743275,-0.9049096381530735,2804.8098614858845
2.470081621985167,4.816623186154175,-0.40743982813269675,1463.9224113342498,-0.9211668214870721,2466.3491403727303
2.899271262002747,3.197193898531623,-0.38467977146509824,1433.1532548694172,-1.9063521315274259,2365.94452454012
2.8114824719991507,1.5777646109081616,-0.3554168414638994,1373.234371227376,-1.8088090315234306,2276.875913720869
2.642407765325558,3.197193898531623,-0.9146639481534735,1745.703107380608,-1.7080144948526352,2231.5318936674316
2.4310643819835684,22.630345350004063,-0.8171208481494778,1732.7476730796257,-1.5421912248458431,2179.710156463504
2.4765844953187672,22.630345350004063,-0.47571999813549404,1965.9454904973018,-1.5291854781786438,2114.932984958594
2.5578704119887625,12.913769624267843,-0.599274591473888,1946.5123390458284,-2.25100441820821,2715.7412506666333
2.6033905253239613,12.913769624267843,-0.6610518881430849,1941.6540511829603,-2.5956567048889934,2821.004154362112
2.580630468656362,16.152628199513856,-0.8106179748158784,1922.2208997314874,-2.748474228228586,2871.2064622784173
2.535110355321164,19.39148677475896,-0.921166821487073,1967.5649197849243,-2.6997026782265885,2973.2305073986504
2.6554135119927587,14.533198911890395,-0.9894469914898694,1959.4677733468106,-2.6184167615565928,2978.0887952615185
2.6814250053271573,12.913769624267843,-1.0674814714930663,1931.937475457224,-2.767982848229386,2968.3722195357823
2.707436498661556,11.294340336645291,-1.1455159514962623,1922.2208997314874,-2.7517256648953863,2935.9836337833267
2.739950865329554,11.294340336645291,-1.1910360648314602,1980.5203540859065,-2.4948621682181984,2966.7527902481597
2.7627109219971535,11.294340336645291,-0.4334513214670954,1959.4677733468106,-2.3810618848802036,2976.469365973896
2.7952252886651507,11.294340336645291,-0.47571999813549404,1938.4151926077147,-2.2802673482094082,2979.708224549141
2.814733908665951,14.533198911890395,-2.5241250982193977,1982.1397833735286,-2.1241983882030158,2971.6110781110274
2.8537511486675484,14.533198911890395,-2.452593491549801,1990.2369298116428,-2.072175401534218,2952.177926659555
2.8732597686683485,17.7720574871355,-2.319284588211007,1972.4232076477924,-1.9811351748638226,2955.4167852348
2.8862655153355474,21.01091606238151,-2.1599641915378145,1974.042636935415,-1.8640834548590282,2974.849936686273
2.9187798820035455,21.01091606238151,-2.091684021535018,1962.7066319220557,-1.8153119048570305,2976.469365973896
2.9382885020043448,27.488633212872628,-1.9323636248618254,1978.9009247982835,-1.6885058748518365,2965.1333609605363
2.954545685338344,33.966350363363745,-1.7730432281886328,1970.8037783601699,-1.6169742681822394,2942.4613509338183
2.954545685338344,43.682926089099965,-1.6689972548510377,1964.3260612096788,-1.633231451516239,2926.2670580575905
2.925282755337146,43.682926089099965,-1.4869168015102465,1970.8037783601699,-1.5551969715130425,2905.2144773184946
2.9025226986695465,38.8246382262314,-1.477162491509847,1964.3260612096788,-1.4478995615086472,2855.01216940219
2.8895169520023476,37.20520893860885,-1.3893737015062513,1930.318046169601,-1.3926251381730501,2871.2064622784173
2.876511205335148,33.966350363363745,-2.605411014889394,1915.7431825809963,-1.2983334748358546,2903.595048030872
2.850499712000749,32.34692107574119,-2.413576251548203,1860.6825868018232,-1.2528133615006567,2934.364204495704
2.830991091999951,27.488633212872628,-2.3615532648794053,1922.2208997314874,-1.2918306015022551,2900.356189455627
2.7497051753299537,29.10806250049518,-2.3127817148774072,1727.8893852167575,-1.2463104881670568,2850.1538815393214
2.7106879353283553,29.10806250049518,-2.2640101648754096,1769.994546694949,-1.0967444014942642,2833.959588663094
2.7269451186623543,35.5857796509863,-2.26726160154221,1823.4357131864995,-1.1195044581618627,2762.7047000076927
2.769213795330752,37.20520893860885,-2.244501544874611,1829.9134303369906,-1.1162530214950626,2717.360679954256
2.691179315327556,35.5857796509863,-2.2022328682062127,1834.7717181998592,-1.1097501481614636,2667.1583720379513
2.6651678219931574,33.966350363363745,-2.153461318204215,1834.7717181998592,-0.9114125114866725,2451.7742767841255
2.61314483532436,29.10806250049518,-2.085181148201418,1831.5328596246136,-2.176221374871813,2673.636089188442
2.5871333419899614,30.72749178811773,-2.0624210915338193,1831.5328596246136,-2.078678274867818,2615.3366348340232
2.5611218486555627,32.34692107574119,-2.020152414865421,1833.1522889122361,-2.016900978198621,2568.3731854929633
2.5448646653215636,32.34692107574119,-2.25750729154181,1920.6014704438644,-1.8738377648594273,2450.154847496503
2.4993445519863666,32.34692107574119,-2.150209881537415,1918.9820411562418,-1.7697917915218322,2369.1833831153654
2.515601735320364,35.5857796509863,-2.065672528200619,1920.6014704438644,-1.1845331914978603,2090.641545644253
2.437567255317168,35.5857796509863,-2.0136495415318216,1923.8403290191104,-1.350356461504652,2119.791272821462
2.4343158186503686,43.682926089099965,-1.9193578781946257,1923.8403290191104,-1.0252127948246672,2056.633530604175
2.4343158186503686,61.49664825295076,-1.8218147781906304,1923.8403290191104,-1.0252127948246672,2040.4392377279473
2.42456150864997,89.02694614253687,-1.6820030015182375,1920.6014704438644,-1.0089556114906681,2024.24494485172
2.42456150864997,84.16865827966876,-1.4901682381770462,1920.6014704438644,-0.9211668214870721,2064.7306770422883
2.4668301853183676,72.83265326630953,-1.5942142115146414,1917.3626118686193,-0.28388523479430194,1990.2369298116423
2.4798359319855665,61.49664825295076,-1.7535346081878336,1920.6014704438644,-0.32615391146270056,2043.678096303193
2.4830873686523667,48.54121395196762,-1.9941409215310224,1838.0105767751043,-0.2676280514603029,2110.0746970957257
2.505847425319965,50.16064323959108,-1.964877991529824,1838.0105767751043,-0.5830174081398889,2213.7181715035813
2.5383617919879633,53.39950181483664,-1.942117934862225,1838.0105767751043,-0.4919771814694922,2215.3376007912043
2.580630468656362,51.78007252721363,-1.8900949481934277,1838.0105767751043,-0.48872574480269204,2168.3741514501444
2.6098933986575608,48.54121395196762,-1.8218147781906304,1836.3911474874817,-0.7195777481454817,2242.867898680791
2.6651678219931574,48.54121395196762,-1.7893004115226323,1836.3911474874817,-0.8561380881510754,2259.062191557018
2.7009336253279557,50.16064323959108,-1.7112659315194358,1833.1522889122361,-0.9536811881550706,2283.3536308713597
2.739950865329554,53.39950181483664,-1.642985761516639,1826.6745717617455,-0.960184061488671,2352.989090239138
2.7594594853303533,53.39950181483664,-1.581208464847442,1826.6745717617455,-1.015458484824268,2375.6611002658565
2.8082310353323514,46.92178466434507,-1.542191224845844,1826.6745717617455,-1.0739843448266648,2409.669115305934
2.850499712000749,50.16064323959108,-1.509676858177845,1826.6745717617455,-1.1552702614966615,2484.16286253658
2.9025226986695465,58.25778967770475,-1.4283909415078493,1818.5774253236314,-2.3810618848802036,2861.4898865526807
2.961048558671944,63.11607754057286,-1.4056308848402503,1818.5774253236314,-2.5566394648873954,2869.587032990795
2.9382885020043448,59.8772189653273,-1.3568593348382523,1818.5774253236314,-2.4721021115505994,2842.056735101208
2.883014078668748,59.8772189653273,-1.3015849115026552,1815.3385667483858,-0.9081610748198727,2024.24494485172
2.8374939653335494,53.39950181483664,-1.2398076148334582,1813.7191374607632,-0.47571999813549315,2001.5729348250015
2.7952252886651507,53.39950181483664,-1.1877846281646605,1810.4802788855177,-0.566760224805889,2004.811793400247
2.941539938671145,76.0715118415551,-1.1552702614966623,1810.4802788855177,-0.7650978614806796,2006.4312226878696
2.9025226986695465,76.0715118415551,-2.2282443615406113,1802.383132447404,-0.7520921148134798,2043.678096303193
2.863505458667948,76.0715118415551,-2.124198388203016,1802.383132447404,-0.6285375214750859,2009.6700812631152
2.7952252886651507,69.59379469106352,-1.9941409215310224,1794.28598600929,-0.5017314914698918,2040.4392377279473
2.739950865329554,71.21322397868698,-1.8868435115266275,1789.4276981464218,-0.6870633814774836,2111.6941263833487
2.7139393719951554,66.35493611581887,-1.808809031523431,1789.4276981464218,-0.8788981448186739,2106.83583852048
2.678173568660358,64.73550682819541,-1.7210202415198355,1792.6665567216678,-0.8691438348182743,2076.066682055648
2.658664948659558,64.73550682819541,-1.6137228315154402,1792.6665567216678,-0.7423378048130802,2077.6861113432706
2.6359048919919594,64.73550682819541,-1.4999225481774459,1791.0471274340448,-0.6187832114746863,2043.678096303193
2.6098933986575608,69.59379469106352,-1.353607898171453,1786.1888395711767,-0.9471783148214716,2101.9775506576116
2.567624721989163,74.45208255393254,-1.2625676715010572,1781.3305517083081,-1.1877846281646596,2134.3661364100667
2.531858918654364,80.9297997044232,-1.181281754831061,1774.852834557817,-1.3243449681702533,2176.471297888258
2.505847425319965,85.78808756729131,-2.3127817148774072,1862.3020160894457,-1.0284642314914674,2131.127277834821
2.473333058651966,97.12409258065054,-2.2054843048730124,1867.1603039523138,-0.7846064814814788,2127.888419259576
2.453824438651168,103.60180973114211,-2.0754268382010186,1863.9214453770683,-0.6382918314754855,2118.17184353384
2.440818691983969,119.796102607369,-1.8900949481934277,1854.204869651332,-0.9764412448226691,2179.710156463504
2.4310643819835684,129.51267833310612,-1.7567860448546337,1855.824298938955,-1.2918306015022551,2215.3376007912043
2.4440701286507682,147.326400496956,-1.665745818184238,1855.824298938955,-1.4641567448426467,2241.2484693931683
2.453824438651168,137.6098247712198,-1.5616998448466428,1855.824298938955,-0.999201301490269,2192.665590764486
2.470081621985167,121.415531894992,-1.4609053081758474,1852.585440363709,-0.693566254811083,2166.754722162522
2.4928416786527663,113.31838545687833,-1.353607898171453,1849.3465817884635,-1.2593162348342561,2268.778767282755
2.5090988619867653,110.07952688163277,-1.282076291501856,1844.4882939255954,-1.5356883515122433,2317.3616459114373
2.518853171987165,106.84066830638676,-1.9746323015302236,1865.5408746646913,-1.626728578182639,2338.4142266505332
2.5546189753219632,101.98238044351865,-1.8250662148574306,1867.1603039523138,-2.5696452115545947,2910.072765181363
2.596887651990361,93.88523400540498,-2.04941534486662,1897.929460417146,-2.4721021115505994,2895.4979015927584
2.62940201865836,84.16865827966876,-1.9388664981954253,1897.929460417146,-2.498113604884998,2911.6921944689857
2.674922131993557,84.16865827966876,-1.8218147781906304,1891.4517432666548,-2.3875647582138035,2916.5504823318543
2.7269451186623543,87.40751685491432,-1.6982601848522365,1891.4517432666548,-2.303027404877007,2916.5504823318543
2.756208048663554,89.02694614253687,-1.603968521515041,1891.4517432666548,-2.1339526982034154,2913.3116237566087
2.7952252886651507,89.02694614253687,-1.4901682381770462,1891.4517432666548,-2.0136495415318207,2910.072765181363
2.8374939653335494,89.02694614253687,-1.3991280115066504,1888.2128846914097,-1.7860489748558317,2910.072765181363
2.8700083320015475,93.88523400540498,-2.26075872820861,1894.6906018419008,-1.6917573115186362,2910.072765181363
2.892768388669147,103.60180973114211,-2.153461318204215,1896.3100311295234,-1.698260184852236,2908.4533358937406
2.912277008669946,106.84066830638676,-1.2040418114986595,1131.9394073715866,-1.8640834548590282,2913.3116237566087
2.931785628670746,114.93781474450088,-1.0837386548270658,1054.2068015656946,-1.9161064415278255,2913.3116237566087
2.9382885020043448,132.75153690835077,-0.9894469914898694,1018.5793572379939,-2.0201524148654206,2919.7893409070994
2.9187798820035455,132.75153690835077,-0.8951553281526738,1012.1016400875033,-2.182724248205413,2919.7893409070994
2.9187798820035455,132.75153690835077,-0.8138694114826777,1015.3404986627488,-2.3648047015462046,2919.7893409070994
2.899271262002747,121.415531894992,-0.7293320581458822,1015.3404986627488,-2.4493420548830005,2918.169911619477
2.883014078668748,116.55724403212389,-0.6382918314754864,1013.7210693751258,-2.433084871549001,2879.303608716531
2.866756895334748,113.31838545687833,-0.57001166147269,1007.2433522246351,-2.205484304873012,2887.4007551546447
2.84724827533395,108.46009759401022,-0.47571999813549404,1012.1016400875033,-2.0299067248658202,2887.4007551546447
2.8244882186663505,103.60180973114211,-0.4367027581338956,1012.1016400875033,-1.8088090315234306,2885.781325867022
2.769213795330752,101.98238044351865,-0.3684225881310992,1012.1016400875033,-1.5812084648474412,2871.2064622784173
2.7919738519983515,108.46009759401022,-0.31314816479550167,1013.7210693751258,-1.561699844846642,2871.2064622784173
2.7497051753299537,105.22123901876466,-0.1733363881231087,1015.3404986627488,-1.8510777081918288,2867.967603703172
2.720442245328756,103.60180973114211,-0.08879903478631235,1018.5793572379939,-2.0429124715330196,2887.4007551546447
2.7041850619947567,101.98238044351865,-0.05303323145151406,1020.1987865256169,-2.185975684872213,2892.259043017513
2.62940201865836,103.60180973114211,-0.09855334478671107,1041.2513672647128,-2.423330561548602,2877.6841794289085
2.645659201992359,103.60180973114211,-0.18959357145710776,1046.109655127581,-2.4460906182162008,2856.6315986898126
2.4830873686523667,150.56525907220157,-0.2611251781267043,1047.7290844152035,-2.374559011546604,2837.198447238339
2.505847425319965,142.4681126340879,-0.3554168414638994,1047.7290844152035,-2.24450154487461,2829.1013008002255
2.531858918654364,127.89324904548266,-0.4367027581338956,1046.109655127581,-2.2022328682062122,2843.6761643888303
2.5578704119887625,126.27381975786011,-0.48547430813589365,1046.109655127581,-2.267261601542209,2863.1093158403037
2.61314483532436,119.796102607369,-0.5537544781386909,1046.109655127581,-2.338793208211806,2876.0647501412855
2.6651678219931574,118.17667331974644,-0.6578004514762856,1047.7290844152035,-2.1176955148694163,2861.4898865526807
2.6976821886611564,121.415531894992,-0.758594988147081,1052.5873722780716,-1.945369371529024,2858.251027977435
2.7464537386631545,124.65439047023801,-0.8268751581498774,1055.8262308533176,-1.8315690881910296,2850.1538815393214
2.814733908665951,126.27381975786011,-0.898406764819474,1059.0650894285627,-1.6494886348502384,2843.6761643888303
2.8537511486675484,131.13210762072822,-0.969938371489071,1065.5428065790538,-1.4641567448426467,2833.959588663094
2.879762642001947,137.6098247712198,-1.0284642314914683,1075.2593823047905,-1.4413966881750477,2830.7207300878486
2.909025572003147,153.80411764744667,-1.0674814714930663,1088.2148166057723,-1.4348938148414478,2799.9515736230164
2.772465231997553,127.89324904548266,-1.0999958381610648,1106.0285387696226,-1.672248691517837,2843.6761643888303
2.583881905323161,118.17667331974644,-1.103247274827864,1122.22283164585,-1.7795461015222318,2855.01216940219
2.7171908086619547,124.65439047023801,-1.0772357814934654,1122.22283164585,-1.883592074859827,2850.1538815393214
2.518853171987165,157.04297622269223,-1.0057041748238689,1109.2673973448682,-2.1079412048690167,2848.534452251699
2.5611218486555627,145.70697120933255,-0.9179153848202737,1102.789680194377,-2.1502098815374144,2855.01216940219
2.6098933986575608,134.37096619597423,-0.8496352148174768,1099.5508216191315,-2.211987178206612,2803.190432198262
2.661916385326358,131.13210762072822,-0.7748521714810801,1096.311963043886,-2.1697185015382137,2799.9515736230164
2.7009336253279557,137.6098247712198,-0.7000691281446834,1094.6925337562634,-2.052666781533419,2824.243012937358
2.7594594853303533,140.84868334646444,-0.6220346481414873,1091.4536751810178,-1.9681294281966233,2835.5790179507167
2.8114824719991507,145.70697120933255,-0.5212401114706919,1091.4536751810178,-1.8900949481934268,2840.437305813585
2.850499712000749,152.18468835982412,-0.459462814801495,1088.2148166057723,-1.737277424853834,2812.907007923998
2.8700083320015475,168.3789812360519,-0.3879312081318984,1086.5953873181493,-1.5291854781786438,2801.571002910639
2.909025572003147,179.71498624941114,-0.29363954479470245,1081.7370994552812,-1.4706596181762466,2799.9515736230164
2.922031318670345,197.52870841326148,-0.2188565014583066,1080.1176701676586,-1.5194311681782442,2791.8544271849023
2.9187798820035455,229.9172941657157,-0.17658782478990798,1078.498240880036,-1.633231451516239,2804.8098614858845
2.9057741353363458,215.34243057711137,-0.2416165581259051,1110.8868266324907,-1.6494886348502384,2809.668149348753
2.896019825335946,195.90927912563802,-0.3098967281287015,1120.603402358227,-1.7437802981874335,2816.1458664992438
2.879762642001947,194.28984983801547,-0.3749254614646995,1122.22283164585,-1.8478262715250287,2825.8624422249804
2.8700083320015475,179.71498624941114,-0.4432056314674959,1123.8422609334725,-1.9421179348622246,2821.004154362112
2.8114824719991507,166.75955194842845,-0.5472516048050906,1130.3199780839636,-2.0006437948646214,2817.7652957868663
2.7952252886651507,163.5206933731838,-0.6382918314754864,1136.7976952344547,-2.114444078202616,2808.0487200611296
2.7757166686643524,161.90126408556034,-0.7163263114786824,1141.6559830973229,-2.2802673482094082,2816.1458664992438
2.7464537386631545,158.6624055103157,-0.7553435514802809,1143.2754123849454,-2.3843133215470034,2821.004154362112
2.707436498661556,155.42354693506968,-0.8561380881510763,1146.5142709601914,-2.413576251548202,2824.243012937358
2.6846764419939566,152.18468835982412,-0.9504297514882714,1148.133700247814,-2.140455571537015,2788.615568609657
2.6489106386591583,152.18468835982412,-1.0057041748238689,1151.3725588230595,-2.182724248205413,2770.801846445807
2.6098933986575608,158.6624055103157,-1.093492964827465,1161.0891345487962,-2.1307012615366157,2764.324129295316
2.567624721989163,169.998410523674,-1.1520188248298622,1169.1862809869094,-2.0461639081998193,2775.660134308675
2.5286074819875646,181.3344155370337,-1.220298994832659,1193.4777203012509,-1.987638048197422,2791.8544271849023
2.5090988619867653,191.0509912627699,-1.2333047414998584,1206.4331546022327,-1.9096035681942256,2795.0932857601483
2.486338805319166,204.0064255637517,-1.1552702614966623,1198.336008164119,-1.8770892015262275,2795.0932857601483
2.473333058651966,210.48414271424326,-1.1064987114946643,1193.4777203012509,-1.760037481521433,2786.996139322034
2.4603273119847673,218.58128915235693,-1.0414699781586676,1188.6194324383828,-1.7437802981874335,2786.996139322034
2.4440701286507682,207.2452841389977,-0.9634354981554707,1182.1417152878917,-1.6624943815174378,2777.2795635962975
2.473333058651966,194.28984983801547,-0.9049096381530743,1177.283427425023,-1.538939788179043,2767.5629878705613
2.548116101988363,161.90126408556034,-0.8333780314834778,1178.902856712646,-1.4218880681742485,2767.5629878705613
2.6001390886571603,144.08754192171045,-0.8008636648154788,1178.902856712646,-1.3633622081718517,2775.660134308675
2.505847425319965,221.8201477276025,-0.7325834948126824,1177.283427425023,-1.3438535881710525,2793.4738564725253
2.5708761586559623,226.6784355904706,-0.6903148181442837,1177.283427425023,-1.3373507148374526,2757.846412144825
2.6001390886571603,228.29786487809315,-0.631788958141887,1172.425139562155,-1.3015849115026543,2743.2715485562203
2.6716706953267577,231.53672345333916,-0.5602573514722895,1172.425139562155,-1.2950820381690544,2722.2189678171244
2.6879278786607568,229.9172941657157,-0.4367027581338956,1170.8057102745324,-1.2983334748358546,2699.546957790406
2.7171908086619547,231.53672345333916,-0.3749254614646995,1170.8057102745324,-1.3048363481694545,2667.1583720379513
2.739950865329554,231.53672345333916,-0.3359082214631002,1170.8057102745324,-1.3048363481694545,2634.7697862854957
2.7757166686643524,231.53672345333916,-0.3521654047971001,1201.5748667393646,-1.2950820381690544,2594.2840540949273
2.8114824719991507,231.53672345333916,-0.39443408146549785,1208.0525838898557,-1.2788248548350558,2552.178892616736
2.8407454020003495,231.53672345333916,-0.48547430813589365,1208.0525838898557,-1.2528133615006567,2508.4543018509216
2.866756895334748,231.53672345333916,-0.5440001681382904,1209.6720131774787,-1.2137961214990582,2455.013135359371
2.8895169520023476,231.53672345333916,-0.6252860848082875,1211.2914424651008,-2.143707008203815,2720.599538529502
2.866756895334748,216.96185986473392,-0.709823438145083,1214.5303010403468,-2.137204134870215,2689.8303820646693
2.8407454020003495,208.8647134266198,-0.8041151014822789,1214.5303010403468,-2.1274498248698155,2663.9195134627053
2.8082310353323514,197.52870841326148,-0.8951553281526738,1221.0080181908374,-2.1046897682022165,2642.86693272361
2.7757166686643524,184.57327411227925,-0.9634354981554707,1225.8663060537056,-2.0656725282006185,2626.672639847382
2.752956611996753,179.71498624941114,-1.0349671048250677,1225.8663060537056,-2.0461639081998193,2610.4783469711547
2.707436498661556,179.71498624941114,-1.1064987114946643,1225.8663060537056,-2.0299067248658202,2591.045195519682
2.642407765325558,178.09555696178813,-1.1942875014982604,1233.9634524918197,-2.0201524148654206,2582.948049081568
2.6196477086579604,176.47612767416558,-1.2625676715010572,1246.9188867928015,-1.977883738197023,2539.2234583157538
2.567624721989163,184.57327411227925,-1.3731165181722518,1272.829755394766,-1.9746323015302227,2539.2234583157538
2.551367538655164,192.67042055039337,-1.4023794481734506,1284.1657604081247,-1.9746323015302227,2553.7983219043585
2.5611218486555627,199.14813770088358,-1.2430590515002575,1272.829755394766,-1.955123681529424,2537.604029028131
2.5903847786567606,195.90927912563802,-1.1682760081638617,1267.9714675318974,-1.9421179348622246,2523.0291654395264
2.6033905253239613,194.28984983801547,-1.1064987114946643,1263.1131796690293,-1.9161064415278255,2500.357155412808
2.6359048919919594,194.28984983801547,-0.9992013014902694,1263.1131796690293,-1.8933463848602266,2484.16286253658
2.674922131993557,192.67042055039337,-0.9471783148214721,1261.4937503814062,-1.8738377648594273,2469.5879989479754
2.7301965553291554,200.76756698850704,-0.882149581485475,1256.6354625185381,-1.8478262715250287,2459.871423222239
2.7594594853303533,205.62585485137515,-0.8333780314834778,1251.77717465567,-1.8315690881910296,2437.1994131955207
2.765962358663953,207.2452841389977,-0.7325834948126824,1250.157745368047,-1.8283176515242299,2424.2439788945385
2.788722415331552,218.58128915235693,-0.6545490148094864,1246.9188867928015,-1.7697917915218322,2385.3776759915927
2.7301965553291554,212.1035720018658,-0.5830174081398889,1246.9188867928015,-1.7340259881870344,2386.9971052792152
2.674922131993557,212.1035720018658,-0.5082343648034922,1248.5383160804245,-1.7730432281886324,2396.713681004952
2.6521620753259594,212.1035720018658,-0.4236970114666967,1248.5383160804245,-1.7925518481894311,2385.3776759915927
2.62940201865836,212.1035720018658,-0.3911826447986977,1258.2548918061611,-1.7470317348542337,2356.227948814383
2.580630468656362,210.48414271424326,-0.4367027581338956,1282.5463311205021,-1.7177688048530348,2331.936509500042
2.531858918654364,207.2452841389977,-0.49522861813629326,1287.4046189833703,-1.695008748185436,2302.7867823228326
2.6846764419939566,192.67042055039337,-0.6025260281406881,1295.501765421484,-1.6755001281846371,2265.5399087075093
2.6651678219931574,178.09555696178813,-0.680560508143885,1300.3600532843525,-1.6234771415158393,2239.6290401055453
2.694430751994357,178.09555696178813,-0.7781036081478803,1305.2183411472206,-1.5747055915138413,2225.0541765169405
2.7041850619947567,179.71498624941114,-0.9114125114866733,1311.6960582977117,-1.538939788179043,2218.57645936645
2.7301965553291554,179.71498624941114,-1.008955611490669,1311.6960582977117,-1.4934196748438455,2208.8598836407136
2.707436498661556,194.28984983801547,-1.0739843448266657,1314.9349168729568,-1.4739110548430463,2178.090727175881
2.694430751994357,205.62585485137515,-1.1390130781626628,1314.9349168729568,-1.4283909415078484,2147.3215707110485
2.6554135119927587,166.75955194842845,-1.259316234834257,1318.1737754482024,-1.3861222648394502,2145.702141423426
2.678173568660358,168.3789812360519,-1.304836348169455,1324.6514925986935,-1.3080877848362538,2131.127277834821
2.7301965553291554,171.61783981129747,-1.3340992781706533,1331.1292097491842,-1.2755734181682556,2123.0301313967075
2.785470978664752,174.85669838654212,-1.4413966881750486,1344.0846440501664,-1.2398076148334578,2090.641545644253
2.7919738519983515,184.57327411227925,-1.4836653648434464,1347.323502625412,-1.2235504314994583,2093.880404219498
2.830991091999951,199.14813770088358,-1.5486940981794435,1360.2789369263937,-1.161773134830261,2108.4552678081027
2.81798534533275,216.96185986473392,-1.5909627748478417,1365.1372247892618,-1.122755894828663,2098.738692082366
2.486338805319166,161.90126408556034,-1.730774551520235,1373.234371227376,-1.1097501481614636,2077.6861113432706
2.4765844953187672,169.998410523674,-1.730774551520235,1374.8538005149985,-1.0739843448266648,2055.014101316552
2.4603273119847673,184.57327411227925,-1.7145173681862356,1408.8618155550762,-1.0317156681582667,2076.066682055648
2.4505730019843686,168.3789812360519,-1.6755001281846371,1408.8618155550762,-1.015458484824268,2082.544399206139
2.876511205335148,169.998410523674,-1.6624943815174378,1384.5703762407347,-0.9536811881550706,2056.633530604175
2.502595988653166,238.01444060382937,-1.5714541548470424,1402.3840984045855,-0.9504297514882705,2035.5809498650792
2.5578704119887625,241.25329917907538,-1.4576538715090477,1378.092659090244,-0.8593895248178756,2033.9615205774567
2.6066419619907606,244.49215775432094,-1.40888232150705,1369.9955126521304,-0.8268751581498766,2055.014101316552
2.678173568660358,249.35044561718905,-1.3698650815054516,1318.1737754482024,-0.7813550448146787,2066.3501063299113
2.7464537386631545,254.20873348005716,-1.3373507148374535,1363.5177955016393,-0.804115101482278,2035.5809498650792
2.81798534533275,252.5893041924346,-1.2398076148334582,1348.942931913035,-0.7846064814814788,2033.9615205774567
2.8277396553331497,252.5893041924346,-1.1357616414958631,1345.704073337789,-0.7358349314794816,2033.9615205774567
2.8277396553331497,247.7310163295665,-1.0317156681582675,1345.704073337789,-0.6903148181442829,2025.8643741393425
2.785470978664752,249.35044561718905,-0.97644124482267,1345.704073337789,-0.6480461414758851,2064.7306770422883
2.7009336253279557,254.20873348005716,-0.9146639481534735,1340.8457854749208,-0.6155317748078861,2066.3501063299113
2.6716706953267577,254.20873348005716,-0.8398809048170763,1339.2263561872983,-0.5505030414718899,2032.3420912898337
2.4603273119847673,280.1196020820212,-0.7130748748118823,1339.2263561872983,-0.4367027581338947,2016.1477984136063
2.395298578648771,272.02245564390705,-0.631788958141887,1339.2263561872983,-0.4367027581338947,2048.5363841660615
2.879762642001947,330.3219099983262,-0.5407487314714912,1339.2263561872983,-0.46271425146829337,2076.066682055648
2.421310071983169,500.3619851987146,-0.49522861813629326,1340.8457854749208,-0.48872574480269204,2108.4552678081027
2.421310071983169,451.7791065700326,-0.47246856146869476,1342.4652147625434,-0.472468561468693,2158.657575724408
2.4505730019843686,367.56878361364943,-0.6090289014742876,1371.614941939753,-0.4692171248018937,2163.5158635872763
2.5090988619867653,574.8557324293611,-0.631788958141887,1378.092659090244,-0.5635087881390888,2139.2244242729353
2.4928416786527663,539.2282881016608,-0.7130748748118823,1378.092659090244,-0.5960231548070878,2158.657575724408
2.457075875317968,657.4466260981212,-0.8138694114826777,1376.4732298026215,-0.6187832114746863,2189.4267321892403
2.437567255317168,631.5357574961577,-0.8951553281526738,1378.092659090244,-0.6545490148094846,2212.0987422159587
2.453824438651168,723.843226890654,-0.9276696948206729,1379.7120883778666,-0.6838119448106834,2226.6736058045635
2.453824438651168,811.2924084222823,-0.9861955548230701,1384.5703762407347,-0.7228291848122819,2197.523878627354
2.4635787486515666,863.1141456262108,-1.0837386548270658,1384.5703762407347,-0.7748521714810792,2189.4267321892403
2.4603273119847673,919.7941706930064,-1.1227558948286638,1387.8092348159807,-0.8268751581498766,2168.3741514501444
2.4635787486515666,976.4741957598026,-1.220298994832659,1387.8092348159807,-0.8984067648194731,2153.79928786154
2.5708761586559623,991.0490593484074,-1.2690705448346566,1386.1898055283577,-0.9536811881550706,2144.0827121358034
2.5936362153235617,989.4296300607843,-1.4283909415078493,1400.7646691169625,-0.9926984281566686,2131.127277834821
2.5383617919879633,966.7576200340663,-1.4348938148414487,1400.7646691169625,-1.093492964827464,2140.8438535605574
2.720442245328756,973.2353371845575,-1.5616998448466428,1420.1978205684354,-1.1780303181642604,2140.8438535605574
2.788722415331552,952.1827564454616,-1.6267285781826395,1431.533825581795,-1.2625676715010563,2150.5604292862945
2.4050528886491698,84.16865827966876,-1.7210202415198355,1446.1086891703999,-1.3210935315034535,2158.657575724408
2.392047141981971,64.73550682819541,-1.7405288615206342,1450.966977033268,-1.4023794481734497,2178.090727175881
2.9350370653375455,90.64637543015942,-1.7827975381890324,1478.4972749228546,-1.4218880681742485,2184.5684443263717
2.957797122005145,100.36295115589655,-1.6494886348502384,1460.6835527590042,-1.460905308175847,2218.57645936645
2.843996838667149,374.046500764141,-1.5064254215110457,1442.8698305951539,-1.5129282948446443,2244.487327968414
2.8212367819995494,414.53223295470934,-1.4609053081758474,1436.3921134446632,-1.5551969715130425,2268.778767282755
2.7919738519983515,482.5482630348647,-1.3958765748398507,1426.6755377189265,-1.5909627748478408,2281.7342015837366
2.7919738519983515,463.1151115833918,-1.2918306015022556,1412.1006741303217,-1.6494886348502384,2318.98107519906
2.772465231997553,532.7505709511697,-1.4999225481774459,1404.003527692208,-1.672248691517837,2340.033655938156
2.7757166686643524,513.3174194996968,-1.3340992781706533,1394.2869519664714,-1.7047630581858355,2391.855393142084
2.756208048663554,582.9528788674752,-1.1780303181642608,1323.0320633110705,-1.737277424853834,2422.624549606916
2.769213795330752,621.819181770421,-1.2885791648354559,1292.2629068462388,-1.7730432281886324,2455.013135359371
2.7497051753299537,675.2603482619716,-1.025212794824668,1408.8618155550762,-1.7958032848562313,2469.5879989479754
2.8212367819995494,712.5072218772948,-0.9731898081558708,1413.7201034179443,-1.8510777081918288,2495.49886754994
2.804979598665552,752.9929540678631,-0.9179153848202737,1413.7201034179443,-1.8738377648594273,2516.5514482890353
2.769213795330752,787.0009691079413,-0.8528866514842761,1413.7201034179443,-1.8900949481934268,2527.8874533023945
2.7497051753299537,825.8672720108871,-0.7976122281486786,1413.7201034179443,-1.9063521315274259,2547.320604753868
2.7334479919959547,872.830721351947,-0.7553435514802809,1413.7201034179443,-1.9323636248618246,2566.7537562053403
2.7334479919959547,906.8387363920247,-0.6870633814774836,1413.7201034179443,-1.9583751181962232,2584.5674783691907
2.7106879353283553,926.2718878434976,-0.6512975781426862,1420.1978205684354,-1.9746323015302227,2597.522912670173
2.661916385326358,935.9884635692338,-0.5960231548070887,1454.205835608513,-2.0038952315314216,2616.956064121646
2.5773790319895626,919.7941706930064,-0.5895202814734883,1463.9224113342498,-2.03315816153262,2642.86693272361
2.5383617919879633,893.8833020910424,-0.7000691281446834,1455.825264896136,-2.055918218200219,2668.777801325574
2.518853171987165,855.0169991880966,-0.787857918148279,1447.728118458022,-2.0689239648674187,2701.1663870780285
2.518853171987165,819.3895548603964,-0.8593895248178764,1444.4892598827769,-2.072175401534218,2733.5549728304836
2.5090988619867653,780.5232519574502,-0.97644124482267,1441.2504013075313,-2.0656725282006185,2757.846412144825
2.4993445519863666,730.3209440411451,-1.057727161492667,1441.2504013075313,-1.9973923581978217,2756.226982857202
2.4960931153195656,699.551787576313,-1.1227558948286638,1428.294967006549,-1.9681294281966233,2761.08527072007
2.5090988619867653,655.8271968104987,-1.2072932481654597,1428.294967006549,-1.9291121881950253,2769.182417158184
2.518853171987165,626.6774696332895,-1.2950820381690553,1436.3921134446632,-1.883592074859827,2772.4212757334294
2.518853171987165,600.7666010313251,-1.3763679548390515,1442.8698305951539,-1.799054721523031,2772.4212757334294
2.515601735320364,511.6979902120738,-1.4641567448426476,1454.205835608513,-1.6787515648514364,2772.4212757334294
2.486338805319166,480.92883374724215,-1.5356883515122441,1460.6835527590042,-1.6689972548510372,2772.4212757334294
2.4765844953187672,446.92081870716447,-1.642985761516639,1478.4972749228546,-1.5747055915138413,2761.08527072007
2.4798359319855665,406.4350865165952,-1.7112659315194358,1491.4527092238363,-1.4576538715090472,2752.9881242819565
2.4960931153195656,374.046500764141,-1.8218147781906304,1504.4081435248186,-1.4218880681742485,2733.5549728304836
2.4993445519863666,336.79962714881776,-1.8900949481934277,1517.3635778258003,-1.4088823215070492,2704.405245653274
2.4993445519863666,304.4110413963622,-1.925860751528226,1528.6995828391596,-1.3828708281726505,2667.1583720379513
2.5090988619867653,268.7835970686624,-1.9161064415278264,1561.0881685916147,-1.3633622081718517,2646.1057912988554
2.5546189753219632,267.16416778103894,-1.8998492581938269,1569.1853150297284,-1.3601107715050516,2629.9114984226276
2.6228991453247597,272.02245564390705,-1.8283176515242303,1530.3190121267821,-1.350356461504652,2597.522912670173
2.694430751994357,280.1196020820212,-1.7502831715210343,1518.9830071134234,-1.3406021515042528,2571.612044068209
2.765962358663953,281.7390313696442,-1.6852544381850372,1515.7441485381778,-1.3340992781706529,2548.9400340414904
2.8374939653335494,281.7390313696442,-1.62022570484904,1510.8858606753092,-1.3048363481694545,2505.215443275676
2.8570025853343495,302.7916121087401,-1.5519455348462432,1504.4081435248186,-1.2950820381690544,2485.782291824203
2.798476725331952,327.08305142308063,-1.4901682381770462,1496.3109970867044,-1.2755734181682556,2453.393706071748
2.7919738519983515,367.56878361364943,-1.3991280115066504,1486.5944213609682,-1.265819108167856,2440.4382717707663
2.785470978664752,403.19622794134966,-1.3243449681702542,1481.7361334980997,-1.2398076148334578,2419.385691031671
2.7594594853303533,437.20424298142734,-1.2528133615006576,1480.1167042104776,-1.1747788814974602,2396.713681004952
2.736699428662755,477.6899751719966,-1.2170475581658589,1480.1167042104776,-1.1682760081638608,2411.2885445935567
2.739950865329554,506.8397023492057,-1.1487673881630625,1480.1167042104776,-1.1064987114946634,2391.855393142084
2.736699428662755,542.4671466769064,-1.086990091493865,1480.1167042104776,-1.0804872181602647,2369.1833831153654
2.7171908086619547,594.288883880834,-1.0057041748238689,1480.1167042104776,-1.0707329081598655,2362.7056659648742
2.723693681995555,633.1551867837802,-0.9601840614886714,1483.3555627857227,-1.0512242881590659,2344.8919438010244
2.739950865329554,662.3049139609898,-0.8756467081518755,1488.2138506485908,-1.0349671048250668,2328.6976509247966
2.752956611996753,714.1266511649173,-0.7748521714810801,1493.0721385114593,-0.9634354981554698,2315.742216623815
2.7334479919959547,754.6123833554861,-0.7000691281446834,1504.4081435248186,-0.9861955548230696,2294.689635884719
2.720442245328756,778.9038226698276,-0.6935662548110839,1523.8412949762915,-0.9894469914898694,2265.5399087075093
2.7041850619947567,814.5312669975283,-0.7488406781466814,1538.4161585648963,-0.9114125114866725,2238.0096108179223
2.694430751994357,843.6809941747374,-0.8008636648154788,1528.6995828391596,-0.849635214817476,2228.293035092186
2.6879278786607568,885.7861556529288,-0.8854010181522751,1525.460724263914,-0.771600734814279,2216.957030078827
2.661916385326358,918.1747414053839,-0.9471783148214721,1523.8412949762915,-0.7488406781466805,2220.1958886540724
2.6098933986575608,898.7415899539105,-1.0349671048250677,1523.8412949762915,-0.8138694114826777,2220.1958886540724
2.5903847786567606,874.4501506395695,-1.057727161492667,1525.460724263914,-0.8463837781506758,2199.1433079149765
2.661916385326358,877.6890092148151,-1.132510204829063,1527.080153551537,-0.8919038914858737,2195.9044493397314
2.6554135119927587,859.8752870509647,-1.171527444830661,1527.080153551537,-0.9536811881550706,2215.3376007912043
2.6098933986575608,846.919852749983,-1.2918306015022556,1525.460724263914,-0.9764412448226691,2215.3376007912043
2.5708761586559623,829.1061305861326,-1.3568593348382523,1525.460724263914,-1.0349671048250668,2189.4267321892403
2.6391563286587587,830.7255598737552,-1.4056308848402503,1525.460724263914,-1.0609785981594655,2169.993580737767
2.658664948659558,798.3369741213005,-1.477162491509847,1528.6995828391596,-1.132510204829062,2165.1352928748993
2.6098933986575608,804.8146912717916,-1.516179731511445,1533.5578707020277,-1.1682760081638608,2165.1352928748993
2.564373285322362,783.7621105326957,-1.6234771415158398,1546.51330500301,-1.2137961214990582,2165.1352928748993
2.6163962719911593,767.5678176564679,-1.6787515648514373,1552.9910221535006,-1.2690705448346558,2178.090727175881
2.6716706953267577,749.754095492618,-1.704763058185836,1557.8493100163691,-1.3048363481694545,2194.285020052109
2.691179315327556,715.7460804525404,-1.7795461015222327,1565.9464564544828,-1.3698650815054512,2210.4793129283357
2.6326534553251593,731.9403733287677,-1.792551848189432,1569.1853150297284,-1.4121337581738493,2231.5318936674316
2.5708761586559623,723.843226890654,-1.8575805815254287,1591.8573250564468,-1.4348938148414478,2252.584474406527
2.5611218486555627,697.93235828869,-1.8868435115266275,1611.2904765079197,-1.5064254215110449,2288.2119187342278
2.626150581991559,696.3129290010675,-1.9486208081958245,1643.6790622603748,-1.5486940981794426,2306.0256408980786
2.7009336253279557,693.0740704258219,-1.9746323015302236,1653.3956379861115,-1.5779570281806414,2318.98107519906
2.6684192586599567,662.3049139609898,-2.0396610348662203,1671.2093601499614,-1.5974656481814407,2356.227948814383
2.61314483532436,667.1632018238579,-2.1046897682022174,1687.4036530261892,-1.6527400715170377,2382.1388174163476
2.564373285322362,636.3940453590258,-2.130701261536616,1708.4562337652847,-1.6787515648514364,2398.333110292575
2.6554135119927587,594.288883880834,-2.146958444870615,1734.3671023672487,-1.695008748185436,2438.8188424831433
2.6196477086579604,607.2443181818162,-2.150209881537415,1763.5168295444582,-1.7307745515202342,2463.1102817974847
2.5903847786567606,579.7140202922292,-2.091684021535018,1769.994546694949,-1.776294664855432,2497.1182968375624
2.6554135119927587,579.7140202922292,-2.0429124715330205,1763.5168295444582,-1.8055575948566305,2521.4097361519034
2.6976821886611564,540.8477173892834,-1.9486208081958245,1758.6585416815901,-1.8315690881910296,2545.701175466245
2.6846764419939566,518.1757073625649,-1.8770892015262284,1758.6585416815901,-1.8640834548590282,2579.7091905063226
2.6326534553251593,547.3254345397745,-1.7730432281886328,1757.0391123939671,-1.883592074859827,2600.7617712454185
2.5903847786567606,521.4145659378105,-1.7112659315194358,1758.6585416815901,-1.9193578781946252,2631.5309277102506
2.5611218486555627,498.74255591109204,-1.6267285781826395,1758.6585416815901,-1.955123681529424,2675.255518476065
2.6359048919919594,501.9814144863376,-1.477162491509847,1753.8002538187216,-1.9616265548630234,2689.8303820646693
2.678173568660358,464.73454087101436,-1.3796193915058517,1752.1808245310986,-1.9648779915298231,2704.405245653274
2.6196477086579604,472.83168730912803,-1.220298994832659,1753.8002538187216,-1.9356150615286247,2717.360679954256
2.5611218486555627,461.4956822957688,-1.1195044581618636,1755.419683106344,-1.8998492581938264,2722.2189678171244
2.5578704119887625,421.00995010520046,-1.064230034826266,1755.419683106344,-1.82181477819063,2733.5549728304836
2.6228991453247597,430.7265258309367,-0.9926984281566695,1744.0836780929853,-1.7697917915218322,2733.5549728304836
2.691179315327556,422.629379392823,-0.9601840614886714,1721.4116680662669,-1.6885058748518365,2735.1744021181066
2.7171908086619547,383.7630764898772,-0.9341725681542723,1700.359087327171,-1.6169742681822394,2740.0326899809747
2.7269451186623543,340.0384857240624,-0.8886524548190744,1676.0676480128295,-1.499922548177445,2730.316114255238
2.7106879353283553,318.9859049849674,-0.8593895248178764,1643.6790622603748,-1.4674081815094469,2712.502392091388
2.6554135119927587,312.5081878344763,-0.8431323414838765,1621.007052233656,-1.4511509981754473,2688.2109527770467
2.5546189753219632,309.2693292592303,-0.8398809048170763,1577.282461467842,-1.4413966881750477,2673.636089188442
2.548116101988363,340.0384857240624,-0.7650978614806805,1578.9018907554646,-1.4283909415078484,2639.6280741483642
2.6326534553251593,338.41905643643986,-0.787857918148279,1588.6184664812013,-1.4218880681742485,2621.8143519845144
2.6684192586599567,362.7104957507813,-0.865892398151475,1551.371592865878,-1.4121337581738493,2589.425766232059
2.6554135119927587,403.19622794134966,-0.9406754414878722,1557.8493100163691,-1.4056308848402495,2573.2314733558314
2.6066419619907606,365.94935432602733,-1.057727161492667,1559.4687393039917,-1.3958765748398498,2548.9400340414904
2.5611218486555627,378.9047886270091,-1.0902415281606648,1559.4687393039917,-1.3828708281726505,2508.4543018509216
2.6066419619907606,390.2407936403679,-1.1585216981634616,1557.8493100163691,-1.3666136448386514,2472.8268575232214
2.6098933986575608,296.3138949582485,-1.2365561781666585,1557.8493100163691,-1.3438535881710525,2456.6325646469936
2.5903847786567606,323.84419284783553,-1.2885791648354559,1557.8493100163691,-1.3048363481694545,2443.677130346012
2.736699428662755,299.55275353349407,-1.347105024837853,1557.8493100163691,-1.282076291501855,2425.8634081821615
2.772465231997553,309.2693292592303,-1.4674081815094473,1562.7075978792373,-1.2625676715010563,2411.2885445935567
2.723693681995555,365.94935432602733,-1.5324369148454444,1567.5658857421054,-1.2333047414998575,2388.6165345668383
2.7106879353283553,408.0545158042187,-1.5747055915138422,1570.8047443173514,-1.1975389381650596,2364.3250952524972
2.694430751994357,495.5036973358465,-1.62022570484904,1570.8047443173514,-1.1747788814974602,2348.1308023762695
2.694430751994357,571.616873854116,-1.6722486915178378,1574.0436028925965,-1.1487673881630616,2333.5559387876647
2.583881905323161,408.0545158042187,-1.7470317348542341,1593.4767543440694,-1.1032472748278632,2306.0256408980786
2.5903847786567606,446.92081870716447,-1.7795461015222327,1601.573900782183,-1.0609785981594655,2286.592489446605
2.661916385326358,446.92081870716447,-1.83156908819103,1621.007052233656,-1.0609785981594655,2263.9204794198868
2.658664948659558,403.19622794134966,-1.893346384860227,1655.0150672737336,-1.0609785981594655,2236.3901815303
2.626150581991559,309.2693292592303,-1.9713808648634235,1684.1647944509432,-1.0707329081598655,2215.3376007912043
2.6391563286587587,291.4556070953804,-2.0071466681982217,1695.5007994643029,-1.1162530214950626,2202.3821664902225
2.5611218486555627,288.21674852013484,-2.0169009781986214,1721.4116680662669,-1.1942875014982595,2200.7627372025995
2.5871333419899614,275.26131421915306,-1.981135174863823,1721.4116680662669,-1.2202989948326581,2212.0987422159587
2.4993445519863666,592.6694545932119,-1.942117934862225,1705.217375190039,-1.2170475581658584,2221.8153179416954
2.4830873686523667,552.1837224026426,-1.9128550048610262,1690.6425116014343,-1.1877846281646596,2223.4347472293184
2.6001390886571603,566.7585859912474,-1.8640834548590286,1667.9705015747163,-1.1390130781626624,2238.0096108179223
2.6554135119927587,772.4261055193365,-1.8608320181922289,1667.9705015747163,-1.1357616414958622,2255.823332981773
2.5773790319895626,757.8512419307317,-1.7958032848562318,1646.9179208356204,-1.1682760081638608,2280.114772296114
2.5936362153235617,644.4911917971394,-1.7145173681862356,1632.3430572470156,-1.210544684832259,2268.778767282755
2.5253560453207653,276.88074350677607,-1.704763058185836,1630.7236279593926,-1.3243449681702533,2242.867898680791
2.736699428662755,286.5973192325123,-1.5942142115146414,1609.6710472202972,-1.4283909415078484,2262.301050132264
2.6326534553251593,375.66593005176355,-1.4413966881750486,1603.193330069806,-1.3666136448386514,2280.114772296114
2.5871333419899614,369.188212901272,-1.3503564615046528,1608.0516179326742,-1.3243449681702533,2270.398196570378
2.5773790319895626,416.15166224233235,-1.265819108167857,1599.9544714945605,-1.2560647981674564,2284.9730601589827
2.5871333419899614,343.27734429930797,-1.1877846281646605,1595.0961836316924,-1.2202989948326581,2320.6005044866833
2.7041850619947567,333.56076857357175,-1.1097501481614644,1595.0961836316924,-1.2365561781666576,2335.1753680752877
2.694430751994357,396.718510790859,-0.9992013014902694,1595.0961836316924,-1.2918306015022551,2330.3170802124196
2.674922131993557,417.7710915299549,-0.9536811881550715,1599.9544714945605,-1.3438535881710525,2320.6005044866833
2.62940201865836,471.21225802150593,-0.930921131487473,1616.1487643707878,-1.4511509981754473,2328.6976509247966
2.61314483532436,535.9894295264153,-0.9341725681542723,1646.9179208356204,-1.4901682381770454,2349.7502316638925
2.6066419619907606,608.8637474694387,-0.9504297514882714,1659.8733551366022,-1.4966711115106452,2357.847378102006
2.5936362153235617,712.5072218772948,-0.9861955548230701,1679.306506588075,-1.444648124841848,2361.0862366772517
2.5903847786567606,740.0375197668814,-1.0284642314914683,1698.739658039548,-1.3471050248378522,2356.227948814383
2.62940201865836,853.3975699004741,-1.093492964827465,1711.6950923405302,-1.3308478415038532,2372.4222416906105
2.6521620753259594,867.9724334890789,-1.1520188248298622,1721.4116680662669,-1.3698650815054512,2404.810827443066
2.694430751994357,769.1872469440909,-1.2495619248338579,1727.8893852167575,-1.4088823215070492,2416.146832456425
2.6976821886611564,702.7906461515586,-1.2853277281686557,1732.7476730796257,-1.4478995615086472,2398.333110292575
2.7171908086619547,654.2077675228761,-1.3178420948366543,1748.9419659558534,-1.5064254215110449,2390.2359638544613
2.739950865329554,565.1391567036248,-1.4186366315074497,1735.9865316548712,-1.571454154847042,2398.333110292575
2.7594594853303533,469.59282873388247,-1.447899561508648,1735.9865316548712,-1.6007170848482404,2412.9079738811797
2.752956611996753,401.5767986537271,-1.5389397881790439,1742.4642488053623,-1.633231451516239,2437.1994131955207
2.6976821886611564,338.41905643643986,-1.5877113381810415,1757.0391123939671,-1.4966711115106452,2433.9605546202756
2.580630468656362,284.9778899448893,-1.776294664855433,1737.6059609424942,-1.4283909415078484,2448.53541820888
2.5221046086539642,341.6579150116859,-1.8055575948566314,1732.7476730796257,-1.4413966881750477,2476.0657160984665
2.5123502986535646,370.80764218889544,-1.8510777081918293,1719.7922387786439,-1.4966711115106452,2477.6851453860895
2.4928416786527663,438.8236722690508,-1.7340259881870348,1703.597945902416,-1.564951281513442,2464.7297110851077
2.4895902419859652,479.3094044596187,-1.6820030015182375,1724.650526641512,-1.6429857615166386,2476.0657160984665
2.5123502986535646,540.8477173892834,-1.6494886348502384,1732.7476730796257,-1.6527400715170377,2480.924003961335
2.5253560453207653,616.9608939075529,-1.5486940981794435,1723.0310973538894,-1.5356883515122433,2501.9765847004305
2.5253560453207653,693.0740704258219,-1.447899561508648,1716.5533802033983,-1.4706596181762466,2519.790306864281
2.5286074819875646,772.4261055193365,-1.3340992781706533,1711.6950923405302,-1.460905308175847,2531.12631187764
2.548116101988363,835.5838477366237,-1.2430590515002575,1711.6950923405302,-1.460905308175847,2540.8428876033768
2.567624721989163,864.7335749138329,-1.171527444830661,1706.836804477662,-1.4641567448426467,2555.4177511919816
2.583881905323161,696.3129290010675,-1.1357616414958631,1684.1647944509432,-1.4739110548430463,2584.5674783691907
2.580630468656362,655.8271968104987,-1.0902415281606648,1655.0150672737336,-1.4804139281766462,2607.2394883959096
2.564373285322362,582.9528788674752,-1.0837386548270658,1635.5819158222607,-1.4966711115106452,2629.9114984226276
2.5578704119887625,542.4671466769064,-1.0349671048250677,1650.1567794108655,-1.5129282948446443,2649.3446498741005
2.5578704119887625,482.5482630348647,-1.0219613581578684,1643.6790622603748,-1.5454426615126429,2686.5915234894237
2.5578704119887625,440.4431015566729,-1.0382185414918674,1616.1487643707878,-1.5584484081798426,2699.546957790406
2.5611218486555627,357.8522078879132,-1.0837386548270658,1612.9099057955427,-1.6527400715170377,2704.405245653274
2.5611218486555627,343.27734429930797,-1.1585216981634616,1642.0596329727518,-1.6820030015182366,2706.024674940897
2.5286074819875646,430.7265258309367,-1.181281754831061,1658.2539258489796,-1.727523114853434,2710.882962803765
2.5221046086539642,463.1151115833918,-1.2137961214990591,1669.5899308623384,-1.8673348915258279,2710.882962803765
2.5123502986535646,471.21225802150593,-1.2560647981674573,1653.3956379861115,-1.9031006948606262,2710.882962803765
2.5123502986535646,409.67394509184123,-1.282076291501856,1633.9624865346382,-1.8185633415238298,2701.1663870780285
2.6196477086579604,395.0990815032369,-1.3243449681702542,1632.3430572470156,-1.7958032848562313,2701.1663870780285
2.723693681995555,338.41905643643986,-1.382870828172651,1638.8207743975067,-1.8770892015262275,2689.8303820646693
2.7041850619947567,432.34595511855923,-1.4511509981754482,1638.8207743975067,-1.8803406381930272,2670.3972306131964
2.694430751994357,463.1151115833918,-1.4804139281766466,1637.2013451098837,-1.8640834548590282,2621.8143519845144
2.694430751994357,527.8922830883016,-1.5682027181802427,1637.2013451098837,-1.8250662148574297,2600.7617712454185
2.694430751994357,578.0945910046071,-1.6559915081838383,1650.1567794108655,-1.8023061581898312,2584.5674783691907
2.691179315327556,625.0580403456665,-1.6852544381850372,1653.3956379861115,-1.7958032848562313,2561.8954683424727
2.6846764419939566,715.7460804525404,-1.6755001281846371,1674.448218725207,-1.7567860448546329,2544.081746178622
2.6814250053271573,816.1506962851504,-1.642985761516639,1690.6425116014343,-1.7340259881870344,2527.8874533023945
2.6716706953267577,918.1747414053839,-1.5779570281806419,1674.448218725207,-1.7210202415198346,2498.737726125185
2.6684192586599567,948.943897870216,-1.542191224845844,1672.8287894375844,-1.7047630581858355,2495.49886754994
2.6163962719911593,955.4216150207067,-1.4739110548430467,1672.8287894375844,-1.6852544381850363,2514.9320190014123
2.5546189753219632,908.4581656796472,-1.4023794481734506,1676.0676480128295,-1.6820030015182366,2521.4097361519034
2.6196477086579604,927.8913171311201,-1.3406021515042537,1682.5453651633206,-1.6494886348502384,2524.6485947271494
2.5578704119887625,932.7496049939887,-1.3243449681702542,1689.0230823138118,-1.6202257048490396,2526.268024014772
2.5123502986535646,914.9358828301383,-1.392625138173051,1689.0230823138118,-1.5454426615126429,2527.8874533023945
2.535110355321164,838.8227063118693,-1.4966711115106457,1689.0230823138118,-1.5259340415118436,2532.745741165263
2.5286074819875646,788.6203983955638,-1.509676858177845,1695.5007994643029,-1.522682604845044,2553.7983219043585
2.5286074819875646,715.7460804525404,-1.7893004115226323,1690.6425116014343,-1.522682604845044,2568.3731854929633
2.531858918654364,639.6329039342713,-1.8348205248578302,1693.8813701766799,-1.5324369148454435,2591.045195519682
2.531858918654364,566.7585859912474,-1.6592429448506385,1606.4321886450512,-1.5486940981794426,2607.2394883959096
2.5123502986535646,527.8922830883016,-1.3958765748398507,1577.282461467842,-1.5584484081798426,2620.194922696891
2.5611218486555627,553.8031516902656,-1.3698650815054516,1472.0195577723634,-1.5747055915138413,2644.4863620112324
2.5773790319895626,615.3414646199299,-1.2137961214990591,1452.5864063208905,-1.61047139484864,2665.5389427503283
2.5903847786567606,646.1106210847624,-1.0837386548270658,1452.5864063208905,-1.6429857615166386,2675.255518476065
2.6521620753259594,519.7951366501879,-0.969938371489071,1452.5864063208905,-1.6787515648514364,2675.255518476065
2.6554135119927587,476.07054588437404,-1.1390130781626628,1297.121194709107,-1.7177688048530348,2681.7332356265556
2.661916385326358,433.9653844061827,-1.0382185414918674,1289.0240482709928,-1.7535346081878331,2676.8749477636875
2.661916385326358,540.8477173892834,-0.969938371489071,1284.1657604081247,-1.7958032848562313,2660.68065488746
2.694430751994357,633.1551867837802,-0.8398809048170763,1282.5463311205021,-1.8153119048570305,2647.725220586478
2.694430751994357,689.8352118505763,-0.7650978614806805,1282.5463311205021,-1.8120604681902304,2629.9114984226276
2.691179315327556,749.754095492618,-0.6838119448106843,1276.068613970011,-1.7795461015222318,2610.4783469711547
2.6879278786607568,877.6890092148151,-0.5635087881390897,1267.9714675318974,-1.7502831715210334,2582.948049081568
2.6879278786607568,910.0775949672702,-1.132510204829063,1107.6479680572452,-1.7242716781866347,2568.3731854929633
2.6976821886611564,761.0901005059773,-0.9471783148214721,1093.0731044686404,-1.6462371981834383,2560.276039054849
2.7041850619947567,686.5963532753308,-0.8236237214830773,1088.2148166057723,-1.6072199581818403,2558.6566097672267
2.7171908086619547,582.9528788674752,-0.6122803381410877,1075.2593823047905,-1.5844599015142413,2571.612044068209
2.723693681995555,581.3334495798522,-0.40743982813269675,1078.498240880036,-1.5844599015142413,2582.948049081568
2.6879278786607568,746.5152369173725,-0.3684225881310992,1122.22283164585,-1.5974656481814407,2605.620059108286
2.6814250053271573,882.5472970776837,-0.6252860848082875,1143.2754123849454,-1.6169742681822394,2625.0532105597595
2.6814250053271573,953.8021857330846,-0.8008636648154788,1131.9394073715866,-1.6429857615166386,2642.86693272361
2.6846764419939566,926.2718878434976,-0.9179153848202737,1127.0811195087185,-1.665745818184237,2647.725220586478
2.674922131993557,819.3895548603964,-0.8463837781506767,1115.7451144953588,-1.6852544381850363,2650.9640791617235
2.674922131993557,722.2237976030315,-0.6447947048090859,1115.7451144953588,-1.7307745515202342,2646.1057912988554
2.674922131993557,638.0134746466483,-0.46271425146829426,1143.2754123849454,-1.7502831715210334,2631.5309277102506
2.674922131993557,511.6979902120738,-0.7943607914818784,1196.7165788764964,-1.7502831715210334,2608.858917683532
2.567624721989163,260.6864506305483,-0.97644124482267,1217.769159615592,-1.695008748185436,2584.5674783691907
2.7301965553291554,260.6864506305483,-1.0707329081598664,1224.2468767660835,-1.672248691517837,2579.7091905063226
2.7627109219971535,280.1196020820212,-0.921166821487073,1209.6720131774787,-1.6429857615166386,2595.90348338255
2.626150581991559,385.3825057774998,-0.8138694114826777,1206.4331546022327,-1.6624943815174378,2612.0977762587772
2.564373285322362,519.7951366501879,-0.6968176914778832,1227.4857353413286,-1.695008748185436,2626.672639847382
2.5611218486555627,616.9608939075529,-0.9081610748198736,1277.688043257634,-1.7112659315194354,2613.7172055464002
2.596887651990361,730.3209440411451,-1.2072932481654597,1316.5543461605798,-1.7047630581858355,2602.381200533041
2.6359048919919594,594.288883880834,-1.2625676715010572,1342.4652147625434,-1.6592429448506376,2574.850902643454
2.6391563286587587,477.6899751719966,-1.025212794824668,1344.0846440501664,-1.6397343248498384,2542.4623168909993
2.6326534553251593,414.53223295470934,-0.7325834948126824,1339.2263561872983,-1.61047139484864,2498.737726125185
2.7432023019963534,357.8522078879132,-0.6675547614766852,1334.3680683244302,-1.5324369148454435,2474.446286810844
2.7789681053311517,364.32992503840387,-1.025212794824668,1421.8172498560584,-1.5324369148454435,2435.579983907898
2.7497051753299537,432.34595511855923,-1.3731165181722518,1460.6835527590042,-1.5324369148454435,2416.146832456425
2.707436498661556,508.4591316368287,-1.5129282948446452,1493.0721385114593,-1.522682604845044,2370.802812402988
2.691179315327556,597.52774245608,-1.4251395048410491,1507.6470021000641,-1.522682604845044,2335.1753680752877
2.691179315327556,672.021489686726,-1.0284642314914683,1538.4161585648963,-1.4706596181762466,2309.2644994733237
2.707436498661556,752.9929540678631,-0.9731898081558708,1552.9910221535006,-1.4511509981754473,2286.592489446605
2.7301965553291554,804.8146912717916,-1.3308478415038536,1604.812759357429,-1.4088823215070492,2309.2644994733237
2.7464537386631545,697.93235828869,-1.6267285781826395,1655.0150672737336,-1.3991280115066496,2336.7947973629107
2.6879278786607568,667.1632018238579,-1.8250662148574306,1713.3145216281528,-1.3698650815054512,2336.7947973629107
2.658664948659558,663.9243432486123,-1.9453693715290248,1778.091693133063,-1.2560647981674564,2302.7867823228326
2.642407765325558,709.2683633020492,-1.8218147781906304,1779.7111224206851,-1.1942875014982595,2302.7867823228326
2.5871333419899614,657.4466260981212,-1.5682027181802427,1789.4276981464218,-1.1292587681622628,2286.592489446605
2.5578704119887625,694.6934997134445,-1.8478262715250295,1802.383132447404,-1.0122070481574683,2259.062191557018
2.548116101988363,720.6043683154085,-1.9778837381970233,1813.7191374607632,-0.9634354981554698,2260.681620844641
2.5123502986535646,659.0660553857442,-2.094935458201818,1818.5774253236314,-0.9796926814894693,2310.883928760946
2.4960931153195656,628.2968989209116,-1.597465648181441,1784.5694102835537,-1.0382185414918665,2349.7502316638925
2.486338805319166,560.2808688407563,-1.4218880681742494,1784.5694102835537,-1.086990091493865,2393.4748224297064
2.4798359319855665,469.59282873388247,-1.4413966881750486,1794.28598600929,-1.1357616414958622,2443.677130346012
2.4798359319855665,409.67394509184123,-1.6527400715170386,1839.6300060627273,-1.1910360648314597,2446.915988921257
2.6098933986575608,484.1676923224877,-1.9681294281966237,1859.0631575142002,-1.3080877848362538,2406.4302567306886
2.5448646653215636,391.8602229279909,-2.1599641915378145,1878.496308965673,-1.3828708281726505,2395.0942517173294
2.661916385326358,900.3610192415335,-2.277015911542609,1910.8848947181282,-1.438145251508248,2380.5193881287246
2.580630468656362,808.0535498470372,-2.3030274048770076,1925.4597583067325,-1.5064254215110449,2391.855393142084
2.6163962719911593,790.2398276831868,-2.04941534486662,1901.1683189923915,-1.5519455348462428,2375.6611002658565
2.661916385326358,778.9038226698276,-1.7632889181882336,1886.5934554037867,-1.5812084648474412,2370.802812402988
2.62940201865836,754.6123833554861,-1.558448408179843,1878.496308965673,-1.6787515648514364,2357.847378102006
2.548116101988363,741.6569490545044,-1.4999225481774459,1880.115738253296,-1.6462371981834383,2328.6976509247966
2.486338805319166,757.8512419307317,-1.6722486915178378,1912.5043240057507,-1.5682027181802418,2340.033655938156
2.486338805319166,796.7175448336775,-1.893346384860227,1927.0791875943555,-1.6007170848482404,2310.883928760946
2.486338805319166,821.008984148019,-2.1274498248698164,1935.1763340324692,-1.6072199581818403,2288.2119187342278
2.486338805319166,840.4421355994918,-2.299775968210208,1949.751197621074,-1.5454426615126429,2255.823332981773
2.486338805319166,863.1141456262108,-2.306278841543808,1959.4677733468106,-1.483665364843446,2257.4427622693956
2.4928416786527663,895.5027313786654,-2.068923964867419,1948.1317683334514,-1.4739110548430463,2273.637055145623
2.5090988619867653,957.0410443083297,-1.8673348915258283,1936.7957633200922,-1.4576538715090472,2364.3250952524972
2.5936362153235617,969.9964786093115,-1.5942142115146414,1922.2208997314874,-1.4478995615086472,2424.2439788945385
2.707436498661556,861.4947163385878,-1.4901682381770462,1917.3626118686193,-1.4544024348422475,2446.915988921257
2.720442245328756,809.6729791346597,-1.6852544381850372,1917.3626118686193,-1.5064254215110449,2461.4908525098617
2.720442245328756,762.7095297935998,-1.987638048197423,1907.6460361428826,-1.6429857615166386,2458.2519939346166
2.720442245328756,718.9849390277855,-2.133952698203416,1894.6906018419008,-1.7112659315194354,2461.4908525098617
2.720442245328756,649.3494796600075,-1.7730432281886328,1849.3465817884635,-1.7697917915218322,2450.154847496503
2.736699428662755,594.288883880834,-1.454402434842248,1826.6745717617455,-1.8250662148574297,2534.3651704528856
2.7464537386631545,550.5642931150201,-1.1390130781626628,1844.4882939255954,-1.8705863281926276,2561.8954683424727
2.6033905253239613,263.9253092057934,-1.9616265548630238,1771.613975982572,-1.9128550048610258,2595.90348338255
2.7106879353283553,267.16416778103894,-1.6267285781826395,1766.7556881197033,-1.9388664981954244,2620.194922696891
2.6684192586599567,283.35846065726673,-1.2300533048330582,1758.6585416815901,-1.977883738197023,2650.9640791617235
2.658664948659558,310.88875854685375,-1.2495619248338579,1745.703107380608,-2.0136495415318207,2702.785816365651
2.61314483532436,411.29337437946333,-1.636482888183039,1726.269955929135,-2.0006437948646214,2733.5549728304836
2.5416132286547644,638.0134746466483,-1.9063521315274263,1729.5088145043806,-1.9388664981954244,2740.0326899809747
2.5221046086539642,736.7986611916363,-1.8023061581898312,1671.2093601499614,-1.8250662148574297,2744.890977843843
2.567624721989163,832.3449891613782,-1.353607898171453,1608.0516179326742,-1.6755001281846371,2749.7492657067114
2.626150581991559,680.1186361248401,-1.0804872181602656,1582.1407493307102,-1.5779570281806414,2744.890977843843
2.658664948659558,576.4751617169841,-1.470659618176247,1586.9990371935783,-1.4739110548430463,2707.6441042285196
2.6814250053271573,480.92883374724215,-1.6852544381850372,1585.3796079059557,-1.4804139281766462,2735.1744021181066
2.720442245328756,408.0545158042187,-1.688505874851837,1556.2298807287466,-1.538939788179043,2770.801846445807
2.772465231997553,331.94133928594965,-1.321093531503454,1507.6470021000641,-1.5584484081798426,2780.5184221715435
2.7822195419979527,288.21674852013484,-0.97644124482267,1483.3555627857227,-1.5909627748478408,2804.8098614858845
2.6326534553251593,297.933324245872,-0.8723952714850753,1491.4527092238363,-1.6592429448506376,2855.01216940219
2.5773790319895626,301.1721828211166,-1.3698650815054516,1473.6389870599864,-1.6917573115186362,2877.6841794289085
2.5448646653215636,294.69446567062596,-1.558448408179843,1462.3029820466268,-1.7210202415198346,2845.295593676453
2.5383617919879633,276.88074350677607,-1.4121337581738498,1371.614941939753,-1.737277424853834,2840.437305813585
2.5253560453207653,289.83617780775785,-1.0674814714930663,1316.5543461605798,-1.8965978215270263,2880.9230380041536
2.5253560453207653,359.47163717553576,-0.7488406781466814,1282.5463311205021,-1.9291121881950253,2885.781325867022
2.551367538655164,422.629379392823,-0.631788958141887,1255.0160332309151,-2.0071466681982213,2864.7287451279262
2.5773790319895626,503.60084377396015,-0.8398809048170763,1230.7245939165741,-2.0429124715330196,2856.6315986898126
2.678173568660358,644.4911917971394,-1.5519455348462432,1569.1853150297284,-2.1079412048690167,2874.4453208536625
2.642407765325558,489.0259801853558,-1.2690705448346566,1582.1407493307102,-2.1339526982034154,2885.781325867022
2.6033905253239613,442.06253084429636,-1.0219613581578684,1593.4767543440694,-2.1989814315394125,2869.587032990795
2.6196477086579604,388.62136435274533,-1.1585216981634616,1674.448218725207,-2.2965245315434077,2863.1093158403037
2.6554135119927587,314.12761712209885,-1.6137228315154402,1752.1808245310986,-2.361553264879405,2843.6761643888303
2.7757166686643524,278.5001727943986,-1.9518722448626247,1808.8608495978947,-2.4948621682181984,2858.251027977435
2.7594594853303533,354.61334931266765,-2.1599641915378145,1854.204869651332,-2.3810618848802036,2887.4007551546447
2.7139393719951554,422.629379392823,-2.348547518212206,1897.929460417146,-2.1567127548710143,2895.4979015927584
2.6846764419939566,474.4511165967506,-2.410324814881403,1914.1237532933737,-1.8575805815254283,2895.4979015927584
2.674922131993557,555.4225809778882,-2.433084871549002,1959.4677733468106,-1.0024527381570687,2474.446286810844
2.7301965553291554,427.4876672556911,-2.2477529815414106,1970.8037783601699,-1.0284642314914674,2433.9605546202756
2.756208048663554,390.2407936403679,-1.964877991529824,1954.609485483942,-1.0512242881590659,2404.810827443066
2.765962358663953,361.0910664631583,-1.7405288615206342,1951.370626908697,-0.9861955548230696,2417.7662617440474
2.645659201992359,344.89677358693143,-1.519431168178245,1948.1317683334514,-2.2802673482094082,2835.5790179507167
2.583881905323161,435.5848136938048,-1.4609053081758474,1894.6906018419008,-2.3062788415438074,2884.161896579399
2.580630468656362,506.8397023492057,-1.321093531503454,1867.1603039523138,-2.2152386148734116,2908.4533358937406
2.580630468656362,555.4225809778882,-1.2625676715010572,1834.7717181998592,-2.208735741539812,2913.3116237566087
2.5741275953227616,602.3860303189481,-1.1552702614966623,1784.5694102835537,-2.1274498248698155,2929.505916632836
2.583881905323161,663.9243432486123,-1.103247274827864,1718.1728094910209,-2.0884325848682175,2929.505916632836
2.6196477086579604,740.0375197668814,-1.1487673881630625,1635.5819158222607,-2.3160331515442065,2947.3196387966864
2.6001390886571603,720.6043683154085,-1.2007903748318598,1562.7075978792373,-2.433084871549001,2937.60306307095
2.583881905323161,673.640918974349,-1.2040418114986595,1502.7887142371956,-2.550136591553796,2937.60306307095
2.5578704119887625,659.0660553857442,-1.1097501481614644,1484.9749920733457,-2.140455571537015,2929.505916632836
2.551367538655164,659.0660553857442,-1.1064987114946643,1405.6229569798306,-1.3340992781706529,2252.584474406527
2.674922131993557,650.9689089476306,-0.9601840614886714,1280.9269018328791,-1.1682760081638608,2228.293035092186
2.642407765325558,667.1632018238579,-0.7195777481454826,1256.6354625185381,-0.7130748748118823,2087.4026870690072
2.6651678219931574,659.0660553857442,-0.48872574480269293,1169.1862809869094,-0.566760224805889,2053.3946720289296
2.6976821886611564,644.4911917971394,-0.6382918314754864,1073.6399530171675,-0.6708061981434836,2071.2083941927795
2.7009336253279557,735.1792319040132,-0.8626409614846766,1072.0205237295445,-0.8431323414838756,2101.9775506576116
2.7009336253279557,770.8066762317139,-0.9666869348222709,1088.2148166057723,-0.8561380881510754,2100.358121369989
2.694430751994357,825.8672720108871,-0.4562113781346948,1041.2513672647128,-0.9764412448226691,2089.02211635663
2.678173568660358,887.4055849405518,-0.6610518881430849,1041.2513672647128,-1.0284642314914674,2101.9775506576116
2.6228991453247597,955.4216150207067,-0.6643033248098851,1038.0125086894668,-0.7585949881470802,2087.4026870690072
2.5741275953227616,929.5107464187431,-0.43995419480069575,1026.676503676108,-0.7130748748118823,2098.738692082366
2.596887651990361,867.9724334890789,-0.38467977146509824,1044.490225839958,-0.8203722848162771,2103.596979945235
2.567624721989163,848.539282037606,-0.3879312081318984,1128.700548796341,-0.8398809048170763,2071.2083941927795
2.5708761586559623,897.122160666288,-0.40743982813269675,1174.044568849778,-0.5602573514722886,2063.1112477546662
2.5871333419899614,898.7415899539105,-0.2773823614607034,1110.8868266324907,-0.5277429848042914,2085.7832577813842
2.5448646653215636,934.3690342816112,-0.3749254614646995,1180.522286000269,-0.5602573514722886,2106.83583852048
2.583881905323161,958.6604735959527,-0.5505030414718908,1224.2468767660835,-0.5797659714730887,2106.83583852048
2.6326534553251593,961.8993321711978,-0.898406764819474,1319.7932047358254,-0.612280338141086,2093.880404219498
2.691179315327556,945.7050392949704,-1.1227558948286638,1313.3154875853343,-0.7000691281446825,2152.179858573917
2.694430751994357,906.8387363920247,-1.0122070481574688,1280.9269018328791,-0.771600734814279,2134.3661364100667
2.707436498661556,879.3084385024376,-1.1650245714970615,1386.1898055283577,-0.8398809048170763,2158.657575724408
2.6391563286587587,910.0775949672702,-1.220298994832659,1444.4892598827769,-0.9829441181562695,2182.949015038749
2.6163962719911593,910.0775949672702,-1.4901682381770462,1551.371592865878,-0.9341725681542714,2192.665590764486
2.6033905253239613,861.4947163385878,-1.5649512815134425,1564.3270271668603,-0.9179153848202728,2182.949015038749
2.5936362153235617,827.4867012985101,-1.5714541548470424,1520.602436401046,-0.9114125114866725,2134.3661364100667
2.626150581991559,824.2478427232645,-1.2040418114986595,1494.6915677990823,-0.9244182581538718,2103.596979945235
2.5578704119887625,791.8592569708094,-1.3731165181722518,1575.6630321802195,-0.9861955548230696,2105.2164092328576
2.5871333419899614,783.7621105326957,-1.5616998448466428,1625.8653400965245,-1.0999958381610644,2123.0301313967075
2.6228991453247597,767.5678176564679,-1.6267285781826395,1642.0596329727518,-0.9244182581538718,2084.1638284937617
2.6521620753259594,270.40302635628495,-1.6950087481854368,1629.10419867177,-0.7781036081478794,2174.8518686006355
2.6391563286587587,275.26131421915306,-1.769791791521833,1787.8082688587992,-0.8561380881510754,2205.6210250654676
2.7139393719951554,302.7916121087401,-1.799054721523032,1805.6219910226496,-0.9016582014862733,2221.8153179416954
2.694430751994357,369.188212901272,-1.8575805815254287,1792.6665567216678,-0.9374240048210711,2238.0096108179223
2.661916385326358,331.94133928594965,-1.4056308848402503,1765.1362588320808,-0.9959498648234688,2236.3901815303
2.567624721989163,315.74704640972186,-1.2235504314994592,1645.2984915479974,-1.0512242881590659,2236.3901815303
2.567624721989163,338.41905643643986,-1.1455159514962623,1580.5213200430876,-1.1195044581618627,2249.345615831282
2.736699428662755,403.19622794134966,-0.9861955548230701,1544.893875715387,-1.1975389381650596,2249.345615831282
2.515601735320364,484.1676923224877,-0.930921131487473,1450.966977033268,-1.265819108167856,2246.1067572560364
2.5448646653215636,518.1757073625649,-1.2007903748318598,1501.169284949573,-1.2788248548350558,2289.8313480218503
2.6196477086579604,450.15967728241003,-1.4934196748438464,1580.5213200430876,-1.272321981501456,2327.0782216371736
2.5286074819875646,884.1667263653062,-1.7567860448546337,1624.245910808902,-1.272321981501456,2361.0862366772517
2.5286074819875646,809.6729791346597,-1.8673348915258283,1676.0676480128295,-1.2463104881670568,2403.1913981554426
2.6098933986575608,568.3780152788704,-2.0429124715330205,1716.5533802033983,-1.1975389381650596,2435.579983907898
2.626150581991559,612.1026060446848,-2.107941204869017,1745.703107380608,-1.2333047414998575,2489.0211503994487
2.61314483532436,634.7746160714028,-1.9843866115306228,1787.8082688587992,-1.2560647981674564,2500.357155412808
2.645659201992359,686.5963532753308,-1.8510777081918293,1810.4802788855177,-1.3080877848362538,2584.5674783691907
2.801728161998751,268.7835970686624,-2.0006437948646223,1854.204869651332,-1.3210935315034535,2618.5754934092683
2.801728161998751,304.4110413963622,-2.107941204869017,1875.257450390428,-1.444648124841848,2489.0211503994487
2.7432023019963534,323.84419284783553,-1.9973923581978221,1918.9820411562418,-1.5259340415118436,2659.061225599837
2.801728161998751,335.1801978611943,-1.6137228315154402,1915.7431825809963,-1.5421912248458431,2707.6441042285196
2.7789681053311517,378.9047886270091,-1.438145251508249,1850.9660110760865,-1.5454426615126429,2749.7492657067114
2.7627109219971535,421.00995010520046,-1.3080877848362547,1828.2940010493676,-1.6137228315154397,2765.9435585829387
2.739950865329554,476.07054588437404,-1.2983334748358555,1689.0230823138118,-1.6169742681822394,2767.5629878705613
2.765962358663953,438.8236722690508,-1.2365561781666585,1559.4687393039917,-0.693566254811083,2050.155813453684
2.8082310353323514,390.2407936403679,-0.9634354981554707,1478.4972749228546,-0.7423378048130802,2132.7467071224446
2.678173568660358,356.2327786002902,-0.8951553281526738,1400.7646691169625,-0.8268751581498766,2114.932984958594
2.518853171987165,325.4636221354581,-0.8041151014822789,1366.7566540768848,-0.8756467081518746,2163.5158635872763
2.5123502986535646,257.4475920553027,-0.7781036081478803,1298.7406239967295,-1.054475724825866,2160.2770050120307
2.486338805319166,272.02245564390705,-0.7553435514802809,1284.1657604081247,-1.1877846281646596,2186.1878736139947
2.61314483532436,260.6864506305483,-0.6415432681422857,1245.299457505179,-1.1780303181642604,2202.3821664902225
2.515601735320364,391.8602229279909,-0.46271425146829426,1201.5748667393646,-1.282076291501855,2239.6290401055453
2.4928416786527663,476.07054588437404,-0.4334513214670954,1188.6194324383828,-1.4056308848402495,2238.0096108179223
2.4895902419859652,511.6979902120738,-0.5212401114706919,1253.3966039432926,-1.3731165181722509,2267.159337995132
2.5416132286547644,678.4992068372171,-0.5927717181402885,1310.0766290100887,-1.4056308848402495,2380.5193881287246
2.4895902419859652,767.5678176564679,-0.6545490148094864,1361.8983662140167,-1.4023794481734497,2463.1102817974847
2.7041850619947567,787.0009691079413,-0.7163263114786824,1416.9589619931903,-1.633231451516239,2395.0942517173294
2.678173568660358,829.1061305861326,-0.7976122281486786,1494.6915677990823,-1.7047630581858355,2427.4828374697845
2.678173568660358,396.718510790859,-0.8366294681502771,1527.080153551537,-1.7242716781866347,2501.9765847004305
2.7301965553291554,448.540247994787,-1.0349671048250677,1614.5293350831653,-1.6820030015182366,2535.984599740508
2.7269451186623543,461.4956822957688,-1.1877846281646605,1643.6790622603748,-1.9096035681942256,2675.255518476065
2.723693681995555,492.2648387606014,-1.2007903748318598,1621.007052233656,-1.8088090315234306,2678.49437705131
2.7334479919959547,521.4145659378105,-1.2300533048330582,1588.6184664812013,-1.7697917915218322,2688.2109527770467
2.6489106386591583,647.730050372385,-1.470659618176247,1632.3430572470156,-1.82181477819063,2723.838397104747
2.5578704119887625,586.1917374427203,-1.6722486915178378,1744.0836780929853,-1.8575805815254283,2756.226982857202
2.61314483532436,578.0945910046071,-1.6104713948486404,1612.9099057955427,-1.8153119048570305,2799.9515736230164
2.6098933986575608,526.2728538006786,-1.2333047414998584,1512.5052899629322,-1.776294664855432,2825.8624422249804
2.6163962719911593,506.8397023492057,-1.064230034826266,1323.0320633110705,-1.7502831715210334,2838.817876525962
2.5773790319895626,767.5678176564679,-0.882149581485475,1185.3805738631372,-1.945369371529024,2811.2875786363757
2.6521620753259594,808.0535498470372,-0.6838119448106843,1107.6479680572452,-2.049415344866619,2798.3321443353934
2.6098933986575608,867.9724334890789,-1.057727161492667,1211.2914424651008,-2.075426838201018,2798.3321443353934
2.5221046086539642,856.6364284757196,-1.1747788814974611,1255.0160332309151,-1.9843866115306223,2867.967603703172
2.5416132286547644,871.211292064324,-1.0902415281606648,1300.3600532843525,-1.9583751181962232,2911.6921944689857
2.5416132286547644,892.2638728034199,-0.7553435514802809,1319.7932047358254,-1.9096035681942256,2913.3116237566087
2.5903847786567606,889.0250142281743,-0.7813550448146795,1392.6675226788489,-1.564951281513442,2858.251027977435
2.5221046086539642,942.4661807197249,-0.8593895248178764,1496.3109970867044,-1.4544024348422475,2808.0487200611296
2.5546189753219632,984.5713421979162,-1.0804872181602656,1627.484769384147,-1.353607898171452,2754.6075535695795
2.5578704119887625,953.8021857330846,-1.3796193915058517,1714.9339509157758,-1.3373507148374526,2715.7412506666333
2.642407765325558,968.3770493216889,-1.447899561508648,1687.4036530261892,-1.3308478415038532,2675.255518476065
2.6391563286587587,974.8547664721796,-1.4641567448426476,1646.9179208356204,-1.3308478415038532,2673.636089188442
2.6196477086579604,978.0936250474256,-1.6462371981834392,1692.2619408890573,-1.3828708281726505,2722.2189678171244
2.691179315327556,963.5187614588208,-1.7340259881870348,1766.7556881197033,-1.3926251381730501,2746.5104071314654
2.7171908086619547,939.2273221444798,-1.9388664981954253,1808.8608495978947,-1.3958765748398498,2783.7572807467886
2.7269451186623543,890.6444435157973,-1.9713808648634235,1748.9419659558534,-1.3958765748398498,2803.190432198262
2.62940201865836,932.7496049939887,-1.704763058185836,1697.1202287519254,-1.4023794481734497,2822.6235836497344
2.7041850619947567,314.12761712209885,-1.6787515648514373,1640.4402036851293,-1.5031739848442451,2765.9435585829387
2.6716706953267577,302.7916121087401,-1.581208464847442,1541.6550171401418,-1.5421912248458431,2837.198447238339
2.691179315327556,715.7460804525404,-1.2918306015022556,1501.169284949573,-1.6234771415158393,2824.243012937358
2.6814250053271573,712.5072218772948,-0.9796926814894702,1418.5783912808129,-1.2398076148334578,2652.5835084493465
2.6684192586599567,787.0009691079413,-1.1162530214950634,1369.9955126521304,-1.2593162348342561,2714.1218213790107
2.6554135119927587,387.0019350651228,-1.2170475581658589,1357.0400783511482,-0.5374972948046901,2148.9409999986715
2.5871333419899614,320.60533427258997,-0.8528866514842761,1324.6514925986935,-0.5895202814734875,2121.410702109085
2.5123502986535646,246.1115870419435,-0.5830174081398889,1318.1737754482024,-0.5407487314714903,2009.6700812631152
2.4895902419859652,254.20873348005716,-0.5862688448066882,1410.4812448426992,-0.7325834948126815,2006.4312226878696
2.4928416786527663,233.15615274096126,-0.6578004514762856,1484.9749920733457,-0.8138694114826777,2009.6700812631152
2.6098933986575608,250.9698749048116,-0.787857918148279,1562.7075978792373,-0.865892398151475,2011.2895105507382
2.6489106386591583,252.5893041924346,-0.9081610748198736,1616.1487643707878,-0.960184061488671,2014.5283691259838
2.6033905253239613,333.56076857357175,-1.064230034826266,1679.306506588075,-0.9764412448226691,2046.9169548784384
2.515601735320364,314.12761712209885,-1.1617731348302618,1729.5088145043806,-0.8821495814854741,2055.014101316552
2.694430751994357,696.3129290010675,-1.41538519484065,1808.8608495978947,-0.8106179748158775,2095.499833507121
2.6521620753259594,762.7095297935998,-1.5909627748478417,1828.2940010493676,-0.804115101482278,2106.83583852048
2.772465231997553,343.27734429930797,-1.7015116215190362,1805.6219910226496,-0.37492546146469774,1999.953505537379
2.7594594853303533,304.4110413963622,-1.7502831715210343,1755.419683106344,-0.4009369547990973,1995.0952176745104
2.8407454020003495,252.5893041924346,-1.6722486915178378,1676.0676480128295,-0.5179886748038909,1996.7146469621334
2.8407454020003495,270.40302635628495,-1.3861222648394511,1621.007052233656,-0.6220346481414865,2001.5729348250015
2.814733908665951,304.4110413963622,-1.4413966881750486,1556.2298807287466,-1.0674814714930654,2084.1638284937617
2.83424252866675,325.4636221354581,-1.4999225481774459,1501.169284949573,-1.2072932481654588,2123.0301313967075
2.8244882186663505,340.0384857240624,-1.3763679548390515,1439.6309720199083,-1.1487673881630616,2144.0827121358034
2.804979598665552,351.3744907374221,-1.1650245714970615,1404.003527692208,-1.353607898171452,2234.770752242677
2.473333058651966,263.9253092057934,-1.0609785981594664,1271.210326107143,-1.350356461504652,2289.8313480218503
2.473333058651966,238.01444060382937,-0.8593895248178764,1243.6800282175564,-1.3048363481694545,2357.847378102006
2.4830873686523667,322.2247635602125,-0.7228291848122828,1235.5828817794422,-1.3406021515042528,2425.8634081821615
2.4830873686523667,346.516202874554,-0.7911093548150792,1285.7851896957477,-1.2137961214990582,2492.260008974694
2.470081621985167,618.5803231951754,-0.8171208481494778,1332.7486390368072,-1.249561924833857,2542.4623168909993
2.470081621985167,660.6854846733672,-0.9504297514882714,1357.0400783511482,-1.3471050248378522,2539.2234583157538
2.473333058651966,597.52774245608,-1.1195044581618636,1402.3840984045855,-1.4088823215070492,2532.745741165263
2.4798359319855665,545.7060052521515,-1.093492964827465,1455.825264896136,-1.698260184852236,2493.879438262317
2.473333058651966,505.22027306158316,-1.1227558948286638,1491.4527092238363,-1.776294664855432,2445.2965596336344
2.453824438651168,466.3539701586369,-1.0512242881590668,1533.5578707020277,-1.7242716781866347,2537.604029028131
2.453824438651168,430.7265258309367,-0.8333780314834778,1562.7075978792373,-1.4804139281766462,2675.255518476065
2.4635787486515666,403.19622794134966,-0.969938371489071,1674.448218725207,-1.4706596181762466,2615.3366348340232
2.473333058651966,338.41905643643986,-1.1617731348302618,1763.5168295444582,-1.6689972548510372,2746.5104071314654
2.473333058651966,299.55275353349407,-1.3861222648394511,1836.3911474874817,-1.7470317348542337,2759.4658414324476
2.4798359319855665,275.26131421915306,-1.7145173681862356,1910.8848947181282,-1.7567860448546329,2874.4453208536625
2.772465231997553,479.3094044596187,-1.8900949481934277,1915.7431825809963,-1.8738377648594273,2908.4533358937406
2.739950865329554,616.9608939075529,-1.9616265548630238,1889.8323139790327,-1.8803406381930272,2927.8864873452135
2.7464537386631545,672.021489686726,-1.7632889181882336,1831.5328596246136,-1.8120604681902304,2932.7447752080816
2.756208048663554,644.4911917971394,-1.665745818184238,1782.9499809959311,-1.7632889181882327,2934.364204495704
2.756208048663554,615.3414646199299,-1.8640834548590286,1713.3145216281528,-1.8283176515242299,2947.3196387966864
2.5578704119887625,973.2353371845575,-1.4446481248418483,1676.0676480128295,-1.9356150615286247,2939.2224923585727
2.535110355321164,974.8547664721796,-1.220298994832659,1653.3956379861115,-2.24775298154141,2921.4087701947224
2.5221046086539642,129.51267833310612,-1.5714541548470424,1614.5293350831653,-2.2412501082078102,2942.4613509338183
2.531858918654364,71.21322397868698,-1.2723219815014564,1517.3635778258003,-2.185975684872213,2940.8419216461953
2.5773790319895626,803.1952619841686,-1.0284642314914683,1486.5944213609682,-2.1502098815374144,2935.9836337833267
2.5416132286547644,764.3289590812228,-1.103247274827864,1441.2504013075313,-2.2542558548750096,2893.878472305136
2.4895902419859652,684.9769239877082,-1.2463104881670577,1352.18179048828,-2.234747234874211,2858.251027977435
2.4928416786527663,650.9689089476306,-1.093492964827465,1342.4652147625434,-2.611913888222993,2934.364204495704
2.4505730019843686,262.30587991817083,-0.921166821487073,1334.3680683244302,-2.475353548217399,2944.080780221441
2.4343158186503686,284.9778899448893,-0.6187832114746872,1130.3199780839636,-2.4493420548830005,2944.080780221441
2.8570025853343495,275.26131421915306,-1.7242716781866352,1664.7316429994703,-2.481856421550999,2919.7893409070994
2.866756895334748,260.6864506305483,-1.6072199581818407,1697.1202287519254,-2.5013650415517983,2892.259043017513
2.518853171987165,455.01796514527814,-1.5486940981794435,1753.8002538187216,-2.394067631547403,2876.0647501412855
2.707436498661556,451.7791065700326,-1.636482888183039,1849.3465817884635,-2.371307574879804,2866.348174415549
2.5416132286547644,408.0545158042187,-1.9128550048610262,1876.87687967805,-2.3127817148774072,2837.198447238339
2.583881905323161,934.3690342816112,-2.059169654867019,1794.28598600929,-2.290021658209808,2837.198447238339
2.5090988619867653,804.8146912717916,-2.1989814315394125,1901.1683189923915,-2.3908161948806033,2845.295593676453
2.4895902419859652,880.9278677900606,-2.192478558205813,1915.7431825809963,-2.3127817148774072,2858.251027977435
2.4830873686523667,944.0856100073479,-1.5454426615126438,1616.1487643707878,-2.2607587282086095,2869.587032990795
2.6651678219931574,978.0936250474256,-1.5259340415118445,1569.1853150297284,-2.2575072915418097,2882.542467291776
2.7334479919959547,835.5838477366237,-1.0512242881590668,1515.7441485381778,-2.3680561382130043,2903.595048030872
2.739950865329554,774.045534806959,-0.9992013014902694,1426.6755377189265,-2.4395877448826013,2903.595048030872
2.756208048663554,764.3289590812228,-0.8854010181522751,1530.3190121267821,-2.3810618848802036,2934.364204495704
2.756208048663554,741.6569490545044,-1.1227558948286638,1635.5819158222607,-2.3192845882110067,2939.2224923585727
2.756208048663554,676.8797775495941,-1.4056308848402503,1700.359087327171,-2.2965245315434077,2940.8419216461953
2.7497051753299537,799.9564034089235,-1.431642378174649,1651.7762086984885,-2.24775298154141,2940.8419216461953
2.7106879353283553,843.6809941747374,-1.2885791648354559,1621.007052233656,-2.273764474875809,2916.5504823318543
2.6684192586599567,846.919852749983,-1.5877113381810415,1674.448218725207,-2.24775298154141,2892.259043017513
2.6391563286587587,545.7060052521515,-1.7893004115226323,1742.4642488053623,-2.078678274867818,2903.595048030872
2.583881905323161,535.9894295264153,-2.1372041348702155,1854.204869651332,-2.0689239648674187,2840.437305813585
2.518853171987165,545.7060052521515,-2.192478558205813,1925.4597583067325,-2.075426838201018,2832.340159375471
2.535110355321164,576.4751617169841,-1.9583751181962241,1912.5043240057507,-2.137204134870215,2821.004154362112
2.518853171987165,595.908313168457,-1.665745818184238,1883.3545968285416,-2.140455571537015,2811.2875786363757
2.6359048919919594,579.7140202922292,-1.603968521515041,1867.1603039523138,-2.1046897682022165,2772.4212757334294
2.678173568660358,565.1391567036248,-1.9291121881950257,1854.204869651332,-2.1046897682022165,2746.5104071314654
2.6391563286587587,591.0500253055889,-2.1176955148694168,1850.9660110760865,-2.1111926415358164,2722.2189678171244
2.4960931153195656,673.640918974349,-1.730774551520235,1862.3020160894457,-2.0981868948686166,2686.5915234894237
2.4895902419859652,712.5072218772948,-1.220298994832659,1792.6665567216678,-2.0689239648674187,2647.725220586478
2.4895902419859652,736.7986611916363,-1.0772357814934654,1643.6790622603748,-2.1567127548710143,2748.129836419088
2.6554135119927587,730.3209440411451,-0.921166821487073,1559.4687393039917,-2.010398104865021,2659.061225599837
2.6684192586599567,704.4100754391811,-0.9146639481534735,1499.5498556619505,-1.9681294281966233,2625.0532105597595
2.6001390886571603,767.5678176564679,-0.8366294681502771,1395.9063812540944,-1.8965978215270263,2571.612044068209
2.6326534553251593,788.6203983955638,-0.5667602248058898,1335.9874976120527,-1.9193578781946252,2655.8223670245916
2.61314483532436,804.8146912717916,-0.5342458581378908,1253.3966039432926,-1.971380864863423,2701.1663870780285
2.5546189753219632,821.008984148019,-0.3814283347982981,1110.8868266324907,-1.9128550048610258,2748.129836419088
2.5221046086539642,845.30042346236,-0.39443408146549785,1099.5508216191315,-1.8770892015262275,2718.980109241879
2.551367538655164,850.1587113252281,-0.5765145348062894,1059.0650894285627,-1.9811351748638226,2785.3767100344116
2.502595988653166,924.652458555875,-0.8919038914858737,1055.8262308533176,-1.955123681529424,2799.9515736230164
2.531858918654364,921.413599980629,-0.6285375214750868,1052.5873722780716,-1.7893004115226319,2801.571002910639
2.6391563286587587,944.0856100073479,-0.43995419480069575,1059.0650894285627,-1.6755001281846371,2796.712715047771
2.6163962719911593,885.7861556529288,-0.57001166147269,1097.931392331509,-1.6852544381850363,2814.5264372116208
2.6001390886571603,903.5998778167791,-0.7520921148134816,1101.170250906754,-1.7210202415198346,2767.5629878705613
2.6651678219931574,864.7335749138329,-0.7228291848122828,1136.7976952344547,-1.7340259881870344,2743.2715485562203
2.5903847786567606,597.52774245608,-0.5862688448066882,1195.097149588874,-1.844574834858229,2806.429290773507
2.6489106386591583,566.7585859912474,-0.7455892414798813,1266.3520382442744,-1.9128550048610258,2838.817876525962
2.5383617919879633,498.74255591109204,-0.6968176914778832,1334.3680683244302,-1.9616265548630234,2892.259043017513
2.5383617919879633,451.7791065700326,-0.7683492981474798,1434.7726841570402,-1.7177688048530348,2890.63961372989
2.6001390886571603,458.25682372052324,-0.9666869348222709,1504.4081435248186,-1.6364828881830387,2893.878472305136
2.6521620753259594,467.9733994462599,-1.0284642314914683,1543.2744464277644,-1.6072199581818403,2851.773310826944
2.6326534553251593,511.6979902120738,-1.1780303181642608,1603.193330069806,-1.5844599015142413,2835.5790179507167
2.5871333419899614,492.2648387606014,-1.4348938148414487,1672.8287894375844,-1.460905308175847,2772.4212757334294
2.6879278786607568,484.1676923224877,-1.4934196748438464,1750.561395243476,-1.288579164835455,2532.745741165263
2.5871333419899614,398.33794007848155,-1.4901682381770462,1757.0391123939671,-1.3340992781706529,2501.9765847004305
2.61314483532436,356.2327786002902,-1.6267285781826395,1721.4116680662669,-1.2463104881670568,2463.1102817974847
2.6684192586599567,382.14364720225376,-1.8510777081918293,1799.1442738721585,-1.2430590515002566,2377.280529553479
2.5123502986535646,388.62136435274533,-1.9291121881950257,1863.9214453770683,-1.1422645148294621,2372.4222416906105
2.6196477086579604,307.6498999716082,-2.0429124715330205,1906.0266068552596,-1.1032472748278632,2340.033655938156
2.6521620753259594,320.60533427258997,-2.163215628204614,1925.4597583067325,-1.0382185414918665,2302.7867823228326
2.7497051753299537,275.26131421915306,-2.0526667815334196,1870.3991625275594,-0.7813550448146787,2150.5604292862945
2.707436498661556,296.3138949582485,-1.8283176515242303,1876.87687967805,-0.7195777481454817,2176.471297888258
2.6976821886611564,620.1997524827984,-1.597465648181441,1876.87687967805,-0.6740576348102838,2182.949015038749
2.6651678219931574,618.5803231951754,-1.3698650815054516,1842.8688646379724,-0.6317889581418861,2158.657575724408
2.843996838667149,74.45208255393254,-1.40888232150705,1761.8974002568352,-0.6643033248098842,2006.4312226878696
